average_level,avg_rep,total,best_sequence,best_success_prob,safest_sequence
30-39,34.5,2,d1,0.3617669459253618,d1
30-39,34.5,3,o1|d1,0.21103071845646107,o1|d1
30-39,34.5,4,d2,0.371683093252464,d2
30-39,34.5,5,o1|d2,0.216815137730604,o1|d2
30-39,34.5,6,d3,0.3004136504653568,d3
30-39,34.5,7,o1|d3,0.17524129610479147,o1|d3
30-39,34.5,8,d4,0.41728975888431485,d4
30-39,34.5,9,o1|d4,0.24341902601585036,o1|d4
30-39,34.5,10,d5,0.3695914119837879,d5
30-39,34.5,11,o1|d5,0.2155949903238763,o1|d5
30-39,34.5,12,d6,0.3831504196255649,d6
30-39,34.5,13,o1|d6,0.2235044114482462,o1|d6
30-39,34.5,14,d7,0.3639686684073107,d7
30-39,34.5,15,o7|d4,0.12812970431138343,o7|d4
30-39,34.5,16,d8,0.42402304219212206,d8
30-39,34.5,17,o1|d8,0.24734677461207122,o1|d8
30-39,34.5,18,d9,0.36196808510638295,d9
30-39,34.5,19,i3|d8,0.13019717321256316,i3|d8
30-39,34.5,20,d10,0.39836475888536627,d10
30-39,34.5,21,o1|d10,0.23237944268313035,o12|o1|d4
30-39,34.5,22,d11,0.4257932446264074,d11
30-39,34.5,23,o7|d8,0.13019717321256316,o7|d8
30-39,34.5,24,d12,0.3794671864847303,d12
30-39,34.5,25,o1|d12,0.22135585878275937,o1|d12
30-39,34.5,26,d13,0.37110016420361247,d13
30-39,34.5,27,o11|d8,0.13019717321256316,o19|d4
30-39,34.5,28,d14,0.3991769547325103,d14
30-39,34.5,29,o13|d8,0.13019717321256316,o13|d8
30-39,34.5,30,d15,0.3403973509933775,d15
30-39,34.5,31,o15|d8,0.13019717321256316,o19|d6
30-39,34.5,32,d16,0.39437416435256606,d16
30-39,34.5,33,o1|d16,0.2300515958723302,o1|d16
30-39,34.5,34,o17|o1|d8,0.3069639433343532,d17
30-39,34.5,35,i3|d8|d8,0.1877366184398426,i3|d8|d8
30-39,34.5,36,d18,0.40901307596513076,d18
30-39,34.5,37,o17|d10,0.12231874297736599,o17|d10
30-39,34.5,38,d19,0.37608318890814557,d19
30-39,34.5,39,o17|d11,0.13074071761941056,o17|d11
30-39,34.5,40,d20,0.3919073182771813,d20
30-39,34.5,41,o1|d20,0.22861260232835576,o1|d20
30-39,34.5,42,o6|d18,0.12558833129051297,o6|d18
30-39,34.5,43,o7|d18,0.12558833129051297,o7|d18
30-39,34.5,44,o12|d16,0.12109342247373947,o4|d20
30-39,34.5,45,o5|o20|d10,0.13376555374688884,o5|o20|d10
30-39,34.5,46,o10|d18,0.12558833129051297,o10|d18
30-39,34.5,47,o19|d14,0.12256812943251345,o19|d14
30-39,34.5,48,i16|d8|d8,0.1878253359654764,i16|d8|d8
30-39,34.5,49,o17|d16,0.12109342247373947,o17|d16
30-39,34.5,50,ibull,0.26190283072430853,ibull
30-39,34.5,51,o19|i16|d8,0.13364537675717159,o19|i16|d8
30-39,34.5,52,o20|d16,0.2868175740745935,o20|d16
30-39,34.5,53,o17|d18,0.12558833129051297,i3|ibull
30-39,34.5,54,o18|d18,0.12558833129051297,o4|ibull
30-39,34.5,55,o15|o20|d10,0.13360297628671114,o15|o20|d10
30-39,34.5,56,o20|d18,0.29746405524736785,t16|d4
30-39,34.5,57,o17|d20,0.12033597216135744,o17|d20
30-39,34.5,58,o18|d20,0.12033597216135744,o18|d20
30-39,34.5,59,o19|d20,0.12033597216135744,t19|d1
30-39,34.5,60,o20|d20,0.2850235042015864,o20|d20
30-39,34.5,61,obull|d18,0.22006324618205222,t7|d20
30-39,34.5,62,o10|o20|d16,0.08811059699668798,o10|o20|d16
30-39,34.5,63,o13|ibull,0.08041781890056666,o13|ibull
30-39,34.5,64,t16|d8,0.17667626758005087,t16|d8
30-39,34.5,65,obull|d20,0.2108597541999654,obull|d20
30-39,34.5,66,t16|d9,0.1508200354609929,ibull|d8
30-39,34.5,67,t17|d8,0.09977012757461695,t17|d8
30-39,34.5,68,t16|d10,0.16598531620223594,t16|d10
30-39,34.5,69,t19|d6,0.12702269346282313,t19|d6
30-39,34.5,70,o20|ibull,0.19047478598131531,o20|ibull
30-39,34.5,71,t17|d10,0.09373288444361559,t17|d10
30-39,34.5,72,o20|o20|d16,0.2085945993269771,o20|o20|d16
30-39,34.5,73,t19|d8,0.14057285637891,t19|d8
30-39,34.5,74,t18|d10,0.09415894300926839,t18|d10
30-39,34.5,75,obull|ibull,0.14091282284181395,obull|ibull
30-39,34.5,76,t16|d14,0.16632373113854595,t16|d14
30-39,34.5,77,t19|d10,0.13206657767395294,t19|d10
30-39,34.5,78,d19|d20,0.1473897540141219,d19|d20
30-39,34.5,79,t19|d11,0.1411597169685372,t19|d11
30-39,34.5,80,o20|o20|d20,0.21555428404743474,o20|o20|d20
30-39,34.5,81,t19|d12,0.1258016216063508,t19|d12
30-39,34.5,82,ibull|d16,0.10328771000847074,ibull|d16
30-39,34.5,83,t17|d16,0.09279392102413318,t17|d16
30-39,34.5,84,t16|d18,0.17042211498547116,t16|d18
30-39,34.5,85,t19|d14,0.13233583825371265,t19|d14
30-39,34.5,86,ibull|d18,0.10712168239852439,ibull|d18
30-39,34.5,87,t17|d18,0.09623837081532488,t17|d18
30-39,34.5,88,t16|d20,0.16329471594882555,t16|d20
30-39,34.5,89,t19|d16,0.1307436088342746,t19|d16
30-39,34.5,90,o20|o20|ibull,0.1385271170773202,obull|obull|d20
30-39,34.5,91,t17|d20,0.09221348665345441,obull|t16|d9
30-39,34.5,92,o20|d20|d16,0.12374439027409528,obull|t17|d8
30-39,34.5,93,t19|d18,0.13559672627104877,obull|t18|d7
30-39,34.5,94,t18|d20,0.09263263886551558,obull|t19|d6
30-39,34.5,95,t19|d19,0.12467975284454826,obull|o20|ibull
30-39,34.5,96,o20|d20|d18,0.12833770128559893,o20|d20|d18
30-39,34.5,97,t19|d20,0.12992579573319596,t19|d20
30-39,34.5,98,t20|d19,0.09989709705372617,t20|d19
30-39,34.5,99,t19|i6|d18,0.04163526200392006,t19|i6|d18
30-39,34.5,100,o20|d20|d20,0.1229703579183002,o20|d20|d20
30-39,34.5,101,o20|t19|d12,0.0914920884409824,obull|d18|d20
30-39,34.5,102,o20|ibull|d16,0.0751183345516151,o20|ibull|d16
30-39,34.5,103,o20|t17|d16,0.0674864880175514,o20|t17|d16
30-39,34.5,104,o20|t16|d18,0.12394335635306993,o20|t16|d18
30-39,34.5,105,t19|i12|d18,0.04163526200392006,t19|i12|d18
30-39,34.5,106,o20|t18|d16,0.06779324478126755,o20|t18|d16
30-39,34.5,107,t19|ibull,0.08682648192490662,t19|ibull
30-39,34.5,108,o20|t16|d20,0.11875979341732766,o20|t16|d20
30-39,34.5,109,t19|o20|d16,0.09508626097038154,t19|o20|d16
30-39,34.5,110,o20|ibull|d20,0.07464846257335733,o20|ibull|d20
30-39,34.5,111,o20|t17|d20,0.06706435392978503,o20|t17|d20
30-39,34.5,112,t20|o20|d16,0.07623463033742167,t20|o20|d16
30-39,34.5,113,o20|t19|d18,0.09861580092439912,o20|t19|d18
30-39,34.5,114,o20|t18|d20,0.06736919190219315,o20|t18|d20
30-39,34.5,115,obull|ibull|d20,0.15619670670018856,obull|ibull|d20
30-39,34.5,116,t20|o20|d18,0.0790644100648999,t20|o20|d18
30-39,34.5,117,o20|t19|d20,0.0944914878059607,o20|t19|d20
30-39,34.5,118,o20|t20|d19,0.0726988871839486,o20|t20|d19
30-39,34.5,119,o19|t20|d20,0.03196424260536057,o19|t20|d20
30-39,34.5,120,t20|o20|d20,0.07575777582803715,t20|o20|d20
30-39,34.5,121,obull|t20|d18,0.05845429976710762,obull|t20|d18
30-39,34.5,122,obull|t19|d20,0.06990459242498852,obull|t19|d20
30-39,34.5,123,t19|t16|d9,0.05000012045174221,t19|t16|d9
30-39,34.5,124,o20|t18|ibull,0.04502131305012907,o20|t18|ibull
30-39,34.5,125,ibull|obull|ibull,0.1043827398131438,ibull|obull|ibull
30-39,34.5,126,t19|t19|d6,0.04211078424582723,t19|t19|d6
30-39,34.5,127,o20|t19|ibull,0.063146532309023,o20|t19|ibull
30-39,34.5,128,t20|t16|d10,0.04409094539946363,t20|t16|d10
30-39,34.5,129,t19|d18|d18,0.05546083410292351,t19|d18|d18
30-39,34.5,130,t20|o20|ibull,0.05062721468423208,t20|o20|ibull
30-39,34.5,131,t17|d20|d20,0.036139140263343965,t17|d20|d20
30-39,34.5,132,obull|t19|ibull,0.04671566409429701,obull|t19|ibull
30-39,34.5,133,t19|d19|d19,0.046889959042057144,t19|d19|d19
30-39,34.5,134,t18|d20|d20,0.03630340908272281,t18|d20|d20
30-39,34.5,135,obull|t20|ibull,0.03742996856735683,obull|t20|ibull
30-39,34.5,136,t20|t20|d8,0.0299192459597477,t20|t20|d8
30-39,34.5,137,t19|d20|d20,0.05091887018082567,t19|d20|d20
30-39,34.5,138,t19|t19|d12,0.041705972380366295,t19|t19|d12
30-39,34.5,139,t20|t19|d11,0.037497393984130274,t20|t19|d11
30-39,34.5,140,t20|d20|d20,0.040797709527200014,t20|d20|d20
30-39,34.5,141,t20|t19|d12,0.033416055739186934,t20|t19|d12
30-39,34.5,142,t20|ibull|d16,0.02743579797100004,t20|ibull|d16
30-39,34.5,143,t19|t18|d16,0.030903034815373997,t19|t18|d16
30-39,34.5,144,t20|t16|d18,0.04526837429301578,t20|t16|d18
30-39,34.5,145,t20|t19|d14,0.03515170703614242,t20|t19|d14
30-39,34.5,146,t19|t19|d16,0.04334434858092799,t19|t19|d16
30-39,34.5,147,t19|ibull|d20,0.03402793368663231,t19|ibull|d20
30-39,34.5,148,t20|t16|d20,0.04337515892390679,t20|t16|d20
30-39,34.5,149,t20|t19|d16,0.03472877109660419,t20|t19|d16
30-39,34.5,150,t19|t19|d18,0.0449532625137716,ibull|ibull|ibull
30-39,34.5,151,t19|t18|d20,0.030709733536937227,t19|t18|d20
30-39,34.5,152,t20|t20|d16,0.027825716186008688,t20|t20|d16
30-39,34.5,153,t20|t19|d18,0.03601788041574733,t20|t19|d18
30-39,34.5,154,t19|t19|d20,0.04307322575937474,t19|t19|d20
30-39,34.5,155,t20|t19|d19,0.03311805934933313,t20|t19|d19
30-39,34.5,156,t20|t20|d18,0.028858588611797555,t20|t20|d18
30-39,34.5,157,t20|t19|d20,0.034511539491630175,t20|t19|d20
30-39,34.5,158,t20|t20|d19,0.026535166404896015,t20|t20|d19
30-39,34.5,159,,,
30-39,34.5,160,t20|t20|d20,0.027651663813990573,t20|t20|d20
30-39,34.5,161,t19|t18|ibull,0.020522623000432474,t19|t18|ibull
30-39,34.5,162,,,
30-39,34.5,163,,,
30-39,34.5,164,t19|t19|ibull,0.028784866290322304,t19|t19|ibull
30-39,34.5,165,,,
30-39,34.5,166,,,
30-39,34.5,167,t20|t19|ibull,0.023063284261303323,t20|t19|ibull
30-39,34.5,168,,,
30-39,34.5,169,,,
30-39,34.5,170,t20|t20|ibull,0.018478983906085246,t20|t20|ibull
40-49,44.5,2,d1,0.3617669459253618,d1
40-49,44.5,3,o1|d1,0.21103071845646107,o1|d1
40-49,44.5,4,d2,0.371683093252464,d2
40-49,44.5,5,o1|d2,0.216815137730604,o1|d2
40-49,44.5,6,d3,0.3004136504653568,d3
40-49,44.5,7,o1|d3,0.17524129610479147,o1|d3
40-49,44.5,8,d4,0.41728975888431485,d4
40-49,44.5,9,o1|d4,0.24341902601585036,o1|d4
40-49,44.5,10,d5,0.3695914119837879,d5
40-49,44.5,11,o1|d5,0.2155949903238763,o1|d5
40-49,44.5,12,d6,0.3831504196255649,d6
40-49,44.5,13,o1|d6,0.2235044114482462,o1|d6
40-49,44.5,14,d7,0.3639686684073107,d7
40-49,44.5,15,o7|d4,0.1439353688513618,o7|d4
40-49,44.5,16,d8,0.42402304219212206,d8
40-49,44.5,17,o1|d8,0.24734677461207122,o1|d8
40-49,44.5,18,d9,0.36196808510638295,d9
40-49,44.5,19,i3|d8,0.14625787400720633,i3|d8
40-49,44.5,20,d10,0.39836475888536627,d10
40-49,44.5,21,o1|d10,0.23237944268313035,o12|o1|d4
40-49,44.5,22,d11,0.4257932446264074,d11
40-49,44.5,23,o7|d8,0.14625787400720633,o7|d8
40-49,44.5,24,d12,0.3794671864847303,d12
40-49,44.5,25,o1|d12,0.22135585878275937,o1|d12
40-49,44.5,26,d13,0.37110016420361247,d13
40-49,44.5,27,o11|d8,0.14625787400720633,o19|d4
40-49,44.5,28,d14,0.3991769547325103,d14
40-49,44.5,29,o13|d8,0.14625787400720633,o13|d8
40-49,44.5,30,d15,0.3403973509933775,d15
40-49,44.5,31,o15|d8,0.14625787400720633,o19|d6
40-49,44.5,32,d16,0.39437416435256606,d16
40-49,44.5,33,o1|d16,0.2300515958723302,o1|d16
40-49,44.5,34,o17|o1|d8,0.303705232614301,d17
40-49,44.5,35,i3|d8|d8,0.18747431067891807,i3|d8|d8
40-49,44.5,36,d18,0.40901307596513076,d18
40-49,44.5,37,o17|d10,0.1374075861838848,o17|d10
40-49,44.5,38,d19,0.37608318890814557,d19
40-49,44.5,39,o17|d11,0.14686846828826816,o17|d11
40-49,44.5,40,d20,0.3919073182771813,d20
40-49,44.5,41,o1|d20,0.22861260232835576,o1|d20
40-49,44.5,42,o6|d18,0.14108050030145136,o6|d18
40-49,44.5,43,o7|d18,0.14108050030145136,o7|d18
40-49,44.5,44,o12|d16,0.13603111411912447,o4|d20
40-49,44.5,45,o13|d16,0.13603111411912447,o13|d16
40-49,44.5,46,o10|d18,0.14108050030145136,o10|d18
40-49,44.5,47,o19|d14,0.13768773614287438,o19|d14
40-49,44.5,48,i16|d8|d8,0.18755817885061515,i16|d8|d8
40-49,44.5,49,o17|d16,0.13603111411912447,o17|d16
40-49,44.5,50,ibull,0.26190283072430853,ibull
40-49,44.5,51,o19|d16,0.13603111411912447,o19|d16
40-49,44.5,52,o20|d16,0.2868175740745935,o20|d16
40-49,44.5,53,o17|d18,0.14108050030145136,i3|ibull
40-49,44.5,54,o18|d18,0.14108050030145136,o4|ibull
40-49,44.5,55,o15|d20,0.1351802271941509,o15|d20
40-49,44.5,56,o20|d18,0.29746405524736785,t16|d4
40-49,44.5,57,o17|d20,0.1351802271941509,o17|d20
40-49,44.5,58,o18|d20,0.1351802271941509,o18|d20
40-49,44.5,59,o19|d20,0.1351802271941509,t19|d1
40-49,44.5,60,o20|d20,0.2850235042015864,o20|d20
40-49,44.5,61,obull|d18,0.23039135885601114,t7|d20
40-49,44.5,62,o10|o20|d16,0.09897204127911188,o10|o20|d16
40-49,44.5,63,o13|ibull,0.09033790008244576,o13|ibull
40-49,44.5,64,t16|d8,0.17667626758005087,t16|d8
40-49,44.5,65,obull|d20,0.22075592422182766,obull|d20
40-49,44.5,66,t16|d9,0.1508200354609929,ibull|d8
40-49,44.5,67,t17|d8,0.09977012757461695,t17|d8
40-49,44.5,68,t16|d10,0.16598531620223594,t16|d10
40-49,44.5,69,t19|d6,0.12702269346282313,t19|d6
40-49,44.5,70,o20|ibull,0.19047478598131531,o20|ibull
40-49,44.5,71,t17|d10,0.09373288444361559,t17|d10
40-49,44.5,72,o20|o20|d16,0.2085945993269771,o20|o20|d16
40-49,44.5,73,t19|d8,0.14057285637891,t19|d8
40-49,44.5,74,o14|o20|d20,0.09831289250483702,o14|o20|d20
40-49,44.5,75,obull|ibull,0.1475262102964,obull|ibull
40-49,44.5,76,t16|d14,0.16632373113854595,t16|d14
40-49,44.5,77,t19|d10,0.13206657767395294,t19|d10
40-49,44.5,78,d19|d20,0.1473897540141219,d19|d20
40-49,44.5,79,t19|d11,0.1411597169685372,t19|d11
40-49,44.5,80,o20|o20|d20,0.21555428404743474,o20|o20|d20
40-49,44.5,81,t19|d12,0.1258016216063508,t19|d12
40-49,44.5,82,ibull|d16,0.10328771000847074,ibull|d16
40-49,44.5,83,t17|d16,0.09279392102413318,t17|d16
40-49,44.5,84,t16|d18,0.17042211498547116,t16|d18
40-49,44.5,85,t19|d14,0.13233583825371265,t19|d14
40-49,44.5,86,ibull|d18,0.10712168239852439,ibull|d18
40-49,44.5,87,t17|d18,0.09623837081532488,t17|d18
40-49,44.5,88,t16|d20,0.16329471594882555,t16|d20
40-49,44.5,89,t19|d16,0.1307436088342746,t19|d16
40-49,44.5,90,obull|obull|d20,0.12434873197383413,obull|obull|d20
40-49,44.5,91,t17|d20,0.09221348665345441,obull|t16|d9
40-49,44.5,92,o20|d20|d16,0.12374439027409528,obull|t17|d8
40-49,44.5,93,t19|d18,0.13559672627104877,obull|t18|d7
40-49,44.5,94,t18|d20,0.09263263886551558,obull|t19|d6
40-49,44.5,95,t19|d19,0.12467975284454826,obull|o20|ibull
40-49,44.5,96,o20|d20|d18,0.12833770128559893,o20|d20|d18
40-49,44.5,97,t19|d20,0.12992579573319596,t19|d20
40-49,44.5,98,t20|d19,0.09989709705372617,t20|d19
40-49,44.5,99,t19|i6|d18,0.04677125281732899,t19|i6|d18
40-49,44.5,100,o20|d20|d20,0.1229703579183002,o20|d20|d20
40-49,44.5,101,o20|t19|d12,0.0914920884409824,obull|d18|d20
40-49,44.5,102,o20|ibull|d16,0.0751183345516151,o20|ibull|d16
40-49,44.5,103,o20|t17|d16,0.0674864880175514,o20|t17|d16
40-49,44.5,104,o20|t16|d18,0.12394335635306993,o20|t16|d18
40-49,44.5,105,t19|i12|d18,0.04677125281732899,t19|i12|d18
40-49,44.5,106,o20|t18|d16,0.06779324478126755,o20|t18|d16
40-49,44.5,107,t19|ibull,0.08682648192490662,t19|ibull
40-49,44.5,108,o20|t16|d20,0.11875979341732766,o20|t16|d20
40-49,44.5,109,t19|o20|d16,0.09508626097038154,t19|o20|d16
40-49,44.5,110,o20|ibull|d20,0.07464846257335733,o20|ibull|d20
40-49,44.5,111,o20|t17|d20,0.06706435392978503,o20|t17|d20
40-49,44.5,112,t20|o20|d16,0.07623463033742167,t20|o20|d16
40-49,44.5,113,o20|t19|d18,0.09861580092439912,o20|t19|d18
40-49,44.5,114,o20|t18|d20,0.06736919190219315,o20|t18|d20
40-49,44.5,115,obull|ibull|d20,0.1532693539489734,obull|ibull|d20
40-49,44.5,116,t20|o20|d18,0.0790644100648999,t20|o20|d18
40-49,44.5,117,o20|t19|d20,0.0944914878059607,o20|t19|d20
40-49,44.5,118,o20|t20|d19,0.0726988871839486,o20|t20|d19
40-49,44.5,119,o19|t20|d20,0.03590724784844633,o19|t20|d20
40-49,44.5,120,t20|o20|d20,0.07575777582803715,t20|o20|d20
40-49,44.5,121,obull|t20|d18,0.06119770469612795,obull|t20|d18
40-49,44.5,122,obull|t19|d20,0.07318538792136678,obull|t19|d20
40-49,44.5,123,t19|t16|d9,0.05000012045174221,t19|t16|d9
40-49,44.5,124,o20|t18|ibull,0.04502131305012907,o20|t18|ibull
40-49,44.5,125,ibull|obull|ibull,0.10242645592581513,ibull|obull|ibull
40-49,44.5,126,t19|t19|d6,0.04211078424582723,t19|t19|d6
40-49,44.5,127,o20|t19|ibull,0.063146532309023,o20|t19|ibull
40-49,44.5,128,t20|t16|d10,0.04409094539946363,t20|t16|d10
40-49,44.5,129,t19|d18|d18,0.05546083410292351,t19|d18|d18
40-49,44.5,130,t20|o20|ibull,0.05062721468423208,t20|o20|ibull
40-49,44.5,131,t17|d20|d20,0.036139140263343965,t17|d20|d20
40-49,44.5,132,obull|t19|ibull,0.04890814580478478,obull|t19|ibull
40-49,44.5,133,t19|d19|d19,0.046889959042057144,t19|d19|d19
40-49,44.5,134,t18|d20|d20,0.03630340908272281,t18|d20|d20
40-49,44.5,135,obull|t20|ibull,0.03918664960998124,obull|t20|ibull
40-49,44.5,136,t20|t20|d8,0.0299192459597477,t20|t20|d8
40-49,44.5,137,t19|d20|d20,0.05091887018082567,t19|d20|d20
40-49,44.5,138,t19|t19|d12,0.041705972380366295,t19|t19|d12
40-49,44.5,139,t20|t19|d11,0.037497393984130274,t20|t19|d11
40-49,44.5,140,t20|d20|d20,0.040797709527200014,t20|d20|d20
40-49,44.5,141,t20|t19|d12,0.033416055739186934,t20|t19|d12
40-49,44.5,142,t20|ibull|d16,0.02743579797100004,t20|ibull|d16
40-49,44.5,143,t19|t18|d16,0.030903034815373997,t19|t18|d16
40-49,44.5,144,t20|t16|d18,0.04526837429301578,t20|t16|d18
40-49,44.5,145,t20|t19|d14,0.03515170703614242,t20|t19|d14
40-49,44.5,146,t19|t19|d16,0.04334434858092799,t19|t19|d16
40-49,44.5,147,t19|ibull|d20,0.03402793368663231,t19|ibull|d20
40-49,44.5,148,t20|t16|d20,0.04337515892390679,t20|t16|d20
40-49,44.5,149,t20|t19|d16,0.03472877109660419,t20|t19|d16
40-49,44.5,150,t19|t19|d18,0.0449532625137716,ibull|ibull|ibull
40-49,44.5,151,t19|t18|d20,0.030709733536937227,t19|t18|d20
40-49,44.5,152,t20|t20|d16,0.027825716186008688,t20|t20|d16
40-49,44.5,153,t20|t19|d18,0.03601788041574733,t20|t19|d18
40-49,44.5,154,t19|t19|d20,0.04307322575937474,t19|t19|d20
40-49,44.5,155,t20|t19|d19,0.03311805934933313,t20|t19|d19
40-49,44.5,156,t20|t20|d18,0.028858588611797555,t20|t20|d18
40-49,44.5,157,t20|t19|d20,0.034511539491630175,t20|t19|d20
40-49,44.5,158,t20|t20|d19,0.026535166404896015,t20|t20|d19
40-49,44.5,159,,,
40-49,44.5,160,t20|t20|d20,0.027651663813990573,t20|t20|d20
40-49,44.5,161,t19|t18|ibull,0.020522623000432474,t19|t18|ibull
40-49,44.5,162,,,
40-49,44.5,163,,,
40-49,44.5,164,t19|t19|ibull,0.028784866290322304,t19|t19|ibull
40-49,44.5,165,,,
40-49,44.5,166,,,
40-49,44.5,167,t20|t19|ibull,0.023063284261303323,t20|t19|ibull
40-49,44.5,168,,,
40-49,44.5,169,,,
40-49,44.5,170,t20|t20|ibull,0.018478983906085246,t20|t20|ibull
50-59,54.5,2,d1,0.3617669459253618,d1
50-59,54.5,3,o1|d1,0.21103071845646107,o1|d1
50-59,54.5,4,d2,0.371683093252464,d2
50-59,54.5,5,o1|d2,0.216815137730604,o1|d2
50-59,54.5,6,d3,0.3004136504653568,d3
50-59,54.5,7,o1|d3,0.17524129610479147,o1|d3
50-59,54.5,8,d4,0.41728975888431485,d4
50-59,54.5,9,o1|d4,0.24341902601585036,o1|d4
50-59,54.5,10,d5,0.3695914119837879,d5
50-59,54.5,11,o1|d5,0.2155949903238763,o1|d5
50-59,54.5,12,d6,0.3831504196255649,d6
50-59,54.5,13,o1|d6,0.2235044114482462,o1|d6
50-59,54.5,14,d7,0.3639686684073107,d7
50-59,54.5,15,o7|d4,0.1597410333913401,o7|d4
50-59,54.5,16,d8,0.42402304219212206,d8
50-59,54.5,17,o1|d8,0.24734677461207122,o1|d8
50-59,54.5,18,d9,0.36196808510638295,d9
50-59,54.5,19,i3|d8,0.16231857480184947,i3|d8
50-59,54.5,20,d10,0.39836475888536627,d10
50-59,54.5,21,o1|d10,0.23237944268313035,o12|o1|d4
50-59,54.5,22,d11,0.4257932446264074,d11
50-59,54.5,23,o7|d8,0.16231857480184947,o7|d8
50-59,54.5,24,d12,0.3794671864847303,d12
50-59,54.5,25,o1|d12,0.22135585878275937,o1|d12
50-59,54.5,26,d13,0.37110016420361247,d13
50-59,54.5,27,o11|d8,0.16231857480184947,o19|d4
50-59,54.5,28,d14,0.3991769547325103,d14
50-59,54.5,29,o13|d8,0.16231857480184947,o13|d8
50-59,54.5,30,d15,0.3403973509933775,d15
50-59,54.5,31,o15|d8,0.16231857480184947,o19|d6
50-59,54.5,32,d16,0.39437416435256606,d16
50-59,54.5,33,o1|d16,0.2300515958723302,o1|d16
50-59,54.5,34,o17|o1|d8,0.30044652189424886,d17
50-59,54.5,35,i3|d8|d8,0.18721200291799345,i3|d8|d8
50-59,54.5,36,d18,0.40901307596513076,d18
50-59,54.5,37,o17|d10,0.15249642939040356,o17|d10
50-59,54.5,38,d19,0.37608318890814557,d19
50-59,54.5,39,o17|d11,0.16299621895712574,o17|d11
50-59,54.5,40,d20,0.3919073182771813,d20
50-59,54.5,41,o1|d20,0.22861260232835576,o1|d20
50-59,54.5,42,o6|d18,0.15657266931238975,o6|d18
50-59,54.5,43,o7|d18,0.15657266931238975,o7|d18
50-59,54.5,44,o12|d16,0.15096880576450944,o4|d20
50-59,54.5,45,o13|d16,0.15096880576450944,o13|d16
50-59,54.5,46,o10|d18,0.15657266931238975,o10|d18
50-59,54.5,47,o19|d14,0.1528073428532353,o19|d14
50-59,54.5,48,i16|d8|d8,0.18729102173575382,i16|d8|d8
50-59,54.5,49,o17|d16,0.15096880576450944,o17|d16
50-59,54.5,50,ibull,0.26190283072430853,ibull
50-59,54.5,51,o19|d16,0.15096880576450944,o19|d16
50-59,54.5,52,o20|d16,0.2868175740745935,o20|d16
50-59,54.5,53,o17|d18,0.15657266931238975,i3|ibull
50-59,54.5,54,o18|d18,0.15657266931238975,o4|ibull
50-59,54.5,55,o15|d20,0.1500244822269443,o15|d20
50-59,54.5,56,o20|d18,0.29746405524736785,t16|d4
50-59,54.5,57,o17|d20,0.1500244822269443,o17|d20
50-59,54.5,58,o18|d20,0.1500244822269443,o18|d20
50-59,54.5,59,o19|d20,0.1500244822269443,t19|d1
50-59,54.5,60,o20|d20,0.2850235042015864,o20|d20
50-59,54.5,61,obull|d18,0.24071947152997006,t7|d20
50-59,54.5,62,o10|o20|d16,0.10983348556153573,o10|o20|d16
50-59,54.5,63,o13|ibull,0.10025798126432484,o13|ibull
50-59,54.5,64,t16|d8,0.17667626758005087,t16|d8
50-59,54.5,65,obull|d20,0.23065209424368993,obull|d20
50-59,54.5,66,t16|d9,0.1508200354609929,ibull|d8
50-59,54.5,67,t17|d8,0.09977012757461695,t17|d8
50-59,54.5,68,t16|d10,0.16598531620223594,t16|d10
50-59,54.5,69,t19|d6,0.12702269346282313,t19|d6
50-59,54.5,70,o20|ibull,0.19047478598131531,o20|ibull
50-59,54.5,71,t17|d10,0.09373288444361559,t17|d10
50-59,54.5,72,o20|o20|d16,0.2085945993269771,o20|o20|d16
50-59,54.5,73,t19|d8,0.14057285637891,t19|d8
50-59,54.5,74,o14|o20|d20,0.10910871434686858,o14|o20|d20
50-59,54.5,75,obull|ibull,0.15413959775098604,obull|ibull
50-59,54.5,76,t16|d14,0.16632373113854595,t16|d14
50-59,54.5,77,t19|d10,0.13206657767395294,t19|d10
50-59,54.5,78,d19|d20,0.1473897540141219,d19|d20
50-59,54.5,79,t19|d11,0.1411597169685372,t19|d11
50-59,54.5,80,o20|o20|d20,0.21555428404743474,o20|o20|d20
50-59,54.5,81,t19|d12,0.1258016216063508,t19|d12
50-59,54.5,82,ibull|d16,0.10328771000847074,ibull|d16
50-59,54.5,83,t17|d16,0.09279392102413318,t17|d16
50-59,54.5,84,t16|d18,0.17042211498547116,t16|d18
50-59,54.5,85,t19|d14,0.13233583825371265,t19|d14
50-59,54.5,86,ibull|d18,0.10712168239852439,ibull|d18
50-59,54.5,87,t17|d18,0.09623837081532488,t17|d18
50-59,54.5,88,t16|d20,0.16329471594882555,t16|d20
50-59,54.5,89,t19|d16,0.1307436088342746,t19|d16
50-59,54.5,90,obull|obull|d20,0.13574737214111782,obull|obull|d20
50-59,54.5,91,t17|d20,0.09221348665345441,obull|t16|d9
50-59,54.5,92,o20|d20|d16,0.12374439027409528,obull|t17|d8
50-59,54.5,93,t19|d18,0.13559672627104877,obull|t18|d7
50-59,54.5,94,t18|d20,0.09263263886551558,obull|t19|d6
50-59,54.5,95,t19|d19,0.12467975284454826,obull|o20|ibull
50-59,54.5,96,o20|d20|d18,0.12833770128559893,o20|d20|d18
50-59,54.5,97,t19|d20,0.12992579573319596,t19|d20
50-59,54.5,98,t20|d19,0.09989709705372617,t20|d19
50-59,54.5,99,t19|i6|d18,0.051907243630737905,t19|i6|d18
50-59,54.5,100,o20|d20|d20,0.1229703579183002,o20|d20|d20
50-59,54.5,101,obull|d18|d20,0.09433972254441085,obull|d18|d20
50-59,54.5,102,o20|ibull|d16,0.0751183345516151,o20|ibull|d16
50-59,54.5,103,o20|t17|d16,0.0674864880175514,o20|t17|d16
50-59,54.5,104,o20|t16|d18,0.12394335635306993,o20|t16|d18
50-59,54.5,105,t19|i12|d18,0.051907243630737905,t19|i12|d18
50-59,54.5,106,o20|t18|d16,0.06779324478126755,o20|t18|d16
50-59,54.5,107,t19|ibull,0.08682648192490662,t19|ibull
50-59,54.5,108,o20|t16|d20,0.11875979341732766,o20|t16|d20
50-59,54.5,109,t19|o20|d16,0.09508626097038154,t19|o20|d16
50-59,54.5,110,o20|ibull|d20,0.07464846257335733,o20|ibull|d20
50-59,54.5,111,o20|t17|d20,0.06706435392978503,o20|t17|d20
50-59,54.5,112,t20|o20|d16,0.07623463033742167,t20|o20|d16
50-59,54.5,113,o20|t19|d18,0.09861580092439912,o20|t19|d18
50-59,54.5,114,o20|t18|d20,0.06736919190219315,o20|t18|d20
50-59,54.5,115,ibull|obull|d20,0.15034200119775823,ibull|obull|d20
50-59,54.5,116,t20|o20|d18,0.0790644100648999,t20|o20|d18
50-59,54.5,117,o20|t19|d20,0.0944914878059607,o20|t19|d20
50-59,54.5,118,o20|t20|d19,0.0726988871839486,o20|t20|d19
50-59,54.5,119,o19|t20|d20,0.03985025309153208,o19|t20|d20
50-59,54.5,120,t20|o20|d20,0.07575777582803715,t20|o20|d20
50-59,54.5,121,obull|t20|d18,0.06394110962514829,obull|t20|d18
50-59,54.5,122,obull|t19|d20,0.07646618341774504,obull|t19|d20
50-59,54.5,123,t19|t16|d9,0.05000012045174221,t19|t16|d9
50-59,54.5,124,o20|t18|ibull,0.04502131305012907,o20|t18|ibull
50-59,54.5,125,ibull|obull|ibull,0.10047017203848645,ibull|obull|ibull
50-59,54.5,126,t19|t19|d6,0.04211078424582723,t19|t19|d6
50-59,54.5,127,o20|t19|ibull,0.063146532309023,o20|t19|ibull
50-59,54.5,128,t20|t16|d10,0.04409094539946363,t20|t16|d10
50-59,54.5,129,t19|d18|d18,0.05546083410292351,t19|d18|d18
50-59,54.5,130,t20|o20|ibull,0.05062721468423208,t20|o20|ibull
50-59,54.5,131,t17|d20|d20,0.036139140263343965,t17|d20|d20
50-59,54.5,132,obull|t19|ibull,0.05110062751527255,obull|t19|ibull
50-59,54.5,133,t19|d19|d19,0.046889959042057144,t19|d19|d19
50-59,54.5,134,t18|d20|d20,0.03630340908272281,t18|d20|d20
50-59,54.5,135,obull|t20|ibull,0.04094333065260567,obull|t20|ibull
50-59,54.5,136,t20|t20|d8,0.0299192459597477,t20|t20|d8
50-59,54.5,137,t19|d20|d20,0.05091887018082567,t19|d20|d20
50-59,54.5,138,t19|t19|d12,0.041705972380366295,t19|t19|d12
50-59,54.5,139,t20|t19|d11,0.037497393984130274,t20|t19|d11
50-59,54.5,140,t20|d20|d20,0.040797709527200014,t20|d20|d20
50-59,54.5,141,t20|t19|d12,0.033416055739186934,t20|t19|d12
50-59,54.5,142,t20|ibull|d16,0.02743579797100004,t20|ibull|d16
50-59,54.5,143,t19|t18|d16,0.030903034815373997,t19|t18|d16
50-59,54.5,144,t20|t16|d18,0.04526837429301578,t20|t16|d18
50-59,54.5,145,t20|t19|d14,0.03515170703614242,t20|t19|d14
50-59,54.5,146,t19|t19|d16,0.04334434858092799,t19|t19|d16
50-59,54.5,147,t19|ibull|d20,0.03402793368663231,t19|ibull|d20
50-59,54.5,148,t20|t16|d20,0.04337515892390679,t20|t16|d20
50-59,54.5,149,t20|t19|d16,0.03472877109660419,t20|t19|d16
50-59,54.5,150,t19|t19|d18,0.0449532625137716,ibull|ibull|ibull
50-59,54.5,151,t19|t18|d20,0.030709733536937227,t19|t18|d20
50-59,54.5,152,t20|t20|d16,0.027825716186008688,t20|t20|d16
50-59,54.5,153,t20|t19|d18,0.03601788041574733,t20|t19|d18
50-59,54.5,154,t19|t19|d20,0.04307322575937474,t19|t19|d20
50-59,54.5,155,t20|t19|d19,0.03311805934933313,t20|t19|d19
50-59,54.5,156,t20|t20|d18,0.028858588611797555,t20|t20|d18
50-59,54.5,157,t20|t19|d20,0.034511539491630175,t20|t19|d20
50-59,54.5,158,t20|t20|d19,0.026535166404896015,t20|t20|d19
50-59,54.5,159,,,
50-59,54.5,160,t20|t20|d20,0.027651663813990573,t20|t20|d20
50-59,54.5,161,t19|t18|ibull,0.020522623000432474,t19|t18|ibull
50-59,54.5,162,,,
50-59,54.5,163,,,
50-59,54.5,164,t19|t19|ibull,0.028784866290322304,t19|t19|ibull
50-59,54.5,165,,,
50-59,54.5,166,,,
50-59,54.5,167,t20|t19|ibull,0.023063284261303323,t20|t19|ibull
50-59,54.5,168,,,
50-59,54.5,169,,,
50-59,54.5,170,t20|t20|ibull,0.018478983906085246,t20|t20|ibull
60-69,64.5,2,d1,0.3617669459253618,d1
60-69,64.5,3,o1|d1,0.21103071845646107,o1|d1
60-69,64.5,4,d2,0.371683093252464,d2
60-69,64.5,5,o1|d2,0.216815137730604,o1|d2
60-69,64.5,6,d3,0.3004136504653568,d3
60-69,64.5,7,o1|d3,0.17524129610479147,o1|d3
60-69,64.5,8,d4,0.41728975888431485,d4
60-69,64.5,9,o1|d4,0.24341902601585036,o1|d4
60-69,64.5,10,d5,0.3695914119837879,d5
60-69,64.5,11,o1|d5,0.2155949903238763,o1|d5
60-69,64.5,12,d6,0.3831504196255649,d6
60-69,64.5,13,o1|d6,0.2235044114482462,o1|d6
60-69,64.5,14,d7,0.3639686684073107,d7
60-69,64.5,15,o7|d4,0.1755466979313185,o7|d4
60-69,64.5,16,d8,0.42402304219212206,d8
60-69,64.5,17,o1|d8,0.24734677461207122,o1|d8
60-69,64.5,18,d9,0.36196808510638295,d9
60-69,64.5,19,i3|d8,0.17837927559649266,i3|d8
60-69,64.5,20,d10,0.39836475888536627,d10
60-69,64.5,21,o1|d10,0.23237944268313035,o12|o1|d4
60-69,64.5,22,d11,0.4257932446264074,d11
60-69,64.5,23,o7|d8,0.17837927559649266,o7|d8
60-69,64.5,24,d12,0.3794671864847303,d12
60-69,64.5,25,o1|d12,0.22135585878275937,o1|d12
60-69,64.5,26,d13,0.37110016420361247,d13
60-69,64.5,27,o11|d8,0.17837927559649266,o19|d4
60-69,64.5,28,d14,0.3991769547325103,d14
60-69,64.5,29,o13|d8,0.17837927559649266,o13|d8
60-69,64.5,30,d15,0.3403973509933775,d15
60-69,64.5,31,o15|d8,0.17837927559649266,o19|d6
60-69,64.5,32,d16,0.39437416435256606,d16
60-69,64.5,33,o1|d16,0.2300515958723302,o1|d16
60-69,64.5,34,o17|o1|d8,0.2971878111741967,d17
60-69,64.5,35,i3|d8|d8,0.18694969515706888,i3|d8|d8
60-69,64.5,36,d18,0.40901307596513076,d18
60-69,64.5,37,o17|d10,0.16758527259692238,o17|d10
60-69,64.5,38,d19,0.37608318890814557,d19
60-69,64.5,39,o17|d11,0.17912396962598337,o17|d11
60-69,64.5,40,d20,0.3919073182771813,d20
60-69,64.5,41,o1|d20,0.22861260232835576,o1|d20
60-69,64.5,42,o6|d18,0.17206483832332817,o6|d18
60-69,64.5,43,o7|d18,0.17206483832332817,o7|d18
60-69,64.5,44,o12|d16,0.16590649740989447,o4|d20
60-69,64.5,45,o13|d16,0.16590649740989447,o13|d16
60-69,64.5,46,o10|d18,0.17206483832332817,o10|d18
60-69,64.5,47,o19|d14,0.16792694956359625,o19|d14
60-69,64.5,48,i16|d8|d8,0.18702386462089254,i16|d8|d8
60-69,64.5,49,o17|d16,0.16590649740989447,o17|d16
60-69,64.5,50,ibull,0.26190283072430853,ibull
60-69,64.5,51,o19|d16,0.16590649740989447,o19|d16
60-69,64.5,52,o20|d16,0.2868175740745935,o20|d16
60-69,64.5,53,o17|d18,0.17206483832332817,i3|ibull
60-69,64.5,54,o18|d18,0.17206483832332817,o4|ibull
60-69,64.5,55,o15|d20,0.1648687372597378,o15|d20
60-69,64.5,56,o20|d18,0.29746405524736785,t16|d4
60-69,64.5,57,o17|d20,0.1648687372597378,o17|d20
60-69,64.5,58,o18|d20,0.1648687372597378,o18|d20
60-69,64.5,59,o19|d20,0.1648687372597378,t19|d1
60-69,64.5,60,o20|d20,0.2850235042015864,o20|d20
60-69,64.5,61,obull|d18,0.25104758420392903,t7|d20
60-69,64.5,62,o10|o20|d16,0.12069492984395964,o10|o20|d16
60-69,64.5,63,o13|ibull,0.11017806244620396,o13|ibull
60-69,64.5,64,t16|d8,0.17667626758005087,t16|d8
60-69,64.5,65,obull|d20,0.2405482642655523,obull|d20
60-69,64.5,66,t16|d9,0.1508200354609929,ibull|d8
60-69,64.5,67,o17|ibull,0.11017806244620396,o17|ibull
60-69,64.5,68,t16|d10,0.16598531620223594,t16|d10
60-69,64.5,69,t19|d6,0.12702269346282313,t19|d6
60-69,64.5,70,o20|ibull,0.19047478598131531,o20|ibull
60-69,64.5,71,t17|d10,0.09373288444361559,t17|d10
60-69,64.5,72,o20|o20|d16,0.2085945993269771,o20|o20|d16
60-69,64.5,73,t19|d8,0.14057285637891,t19|d8
60-69,64.5,74,o14|o20|d20,0.11990453618890022,o14|o20|d20
60-69,64.5,75,obull|ibull,0.16075298520557213,obull|ibull
60-69,64.5,76,t16|d14,0.16632373113854595,t16|d14
60-69,64.5,77,t19|d10,0.13206657767395294,t19|d10
60-69,64.5,78,d19|d20,0.1473897540141219,d19|d20
60-69,64.5,79,t19|d11,0.1411597169685372,t19|d11
60-69,64.5,80,o20|o20|d20,0.21555428404743474,o20|o20|d20
60-69,64.5,81,t19|d12,0.1258016216063508,t19|d12
60-69,64.5,82,ibull|d16,0.10328771000847074,ibull|d16
60-69,64.5,83,t17|d16,0.09279392102413318,t17|d16
60-69,64.5,84,t16|d18,0.17042211498547116,t16|d18
60-69,64.5,85,t19|d14,0.13233583825371265,t19|d14
60-69,64.5,86,ibull|d18,0.10712168239852439,ibull|d18
60-69,64.5,87,t17|d18,0.09623837081532488,t17|d18
60-69,64.5,88,t16|d20,0.16329471594882555,t16|d20
60-69,64.5,89,t19|d16,0.1307436088342746,t19|d16
60-69,64.5,90,obull|obull|d20,0.14764579466272004,obull|obull|d20
60-69,64.5,91,obull|t16|d9,0.09257162613368644,obull|t16|d9
60-69,64.5,92,o20|d20|d16,0.12374439027409528,obull|t17|d8
60-69,64.5,93,t19|d18,0.13559672627104877,obull|i18|ibull
60-69,64.5,94,t18|d20,0.09263263886551558,obull|t19|d6
60-69,64.5,95,t19|d19,0.12467975284454826,obull|o20|ibull
60-69,64.5,96,o20|d20|d18,0.12833770128559893,o20|d20|d18
60-69,64.5,97,t19|d20,0.12992579573319596,t19|d20
60-69,64.5,98,t20|d19,0.09989709705372617,t20|d19
60-69,64.5,99,t19|o6|d18,0.057043234444146836,t19|o6|d18
60-69,64.5,100,o20|d20|d20,0.1229703579183002,o20|d20|d20
60-69,64.5,101,obull|d18|d20,0.09838738548532669,obull|d18|d20
60-69,64.5,102,o20|ibull|d16,0.0751183345516151,o20|ibull|d16
60-69,64.5,103,o19|t16|d18,0.07169368263472008,o19|t16|d18
60-69,64.5,104,o20|t16|d18,0.12394335635306993,o20|t16|d18
60-69,64.5,105,o20|t15|d20,0.06537411206417378,o20|t15|d20
60-69,64.5,106,o20|t18|d16,0.06779324478126755,o20|t18|d16
60-69,64.5,107,t19|ibull,0.08682648192490662,t19|ibull
60-69,64.5,108,o20|t16|d20,0.11875979341732766,o20|t16|d20
60-69,64.5,109,t19|o20|d16,0.09508626097038154,t19|o20|d16
60-69,64.5,110,o20|ibull|d20,0.07464846257335733,o20|ibull|d20
60-69,64.5,111,o20|t17|d20,0.06706435392978503,o20|t17|d20
60-69,64.5,112,t20|o20|d16,0.07623463033742167,t20|o20|d16
60-69,64.5,113,o20|t19|d18,0.09861580092439912,o20|t19|d18
60-69,64.5,114,o20|t18|d20,0.06736919190219315,o20|t18|d20
60-69,64.5,115,ibull|obull|d20,0.14741464844654306,ibull|obull|d20
60-69,64.5,116,t20|o20|d18,0.0790644100648999,t20|o20|d18
60-69,64.5,117,o20|t19|d20,0.0944914878059607,o20|t19|d20
60-69,64.5,118,o20|t20|d19,0.0726988871839486,o20|t20|d19
60-69,64.5,119,o19|t20|d20,0.04379325833461785,o19|t20|d20
60-69,64.5,120,t20|o20|d20,0.07575777582803715,t20|o20|d20
60-69,64.5,121,obull|t20|d18,0.06668451455416866,obull|t20|d18
60-69,64.5,122,obull|t19|d20,0.0797469789141233,obull|t19|d20
60-69,64.5,123,t19|t16|d9,0.05000012045174221,t19|t16|d9
60-69,64.5,124,o20|t18|ibull,0.04502131305012907,o20|t18|ibull
60-69,64.5,125,ibull|obull|ibull,0.09851388815115776,ibull|obull|ibull
60-69,64.5,126,t19|t19|d6,0.04211078424582723,t19|t19|d6
60-69,64.5,127,o20|t19|ibull,0.063146532309023,o20|t19|ibull
60-69,64.5,128,t20|t16|d10,0.04409094539946363,t20|t16|d10
60-69,64.5,129,t19|d18|d18,0.05546083410292351,t19|d18|d18
60-69,64.5,130,t20|o20|ibull,0.05062721468423208,t20|o20|ibull
60-69,64.5,131,t17|d20|d20,0.036139140263343965,t17|d20|d20
60-69,64.5,132,obull|t19|ibull,0.053293109225760325,obull|t19|ibull
60-69,64.5,133,t19|d19|d19,0.046889959042057144,t19|d19|d19
60-69,64.5,134,t18|d20|d20,0.03630340908272281,t18|d20|d20
60-69,64.5,135,obull|t20|ibull,0.0427000116952301,obull|t20|ibull
60-69,64.5,136,t20|t20|d8,0.0299192459597477,t20|t20|d8
60-69,64.5,137,t19|d20|d20,0.05091887018082567,t19|d20|d20
60-69,64.5,138,t19|t19|d12,0.041705972380366295,t19|t19|d12
60-69,64.5,139,t20|t19|d11,0.037497393984130274,t20|t19|d11
60-69,64.5,140,t20|d20|d20,0.040797709527200014,t20|d20|d20
60-69,64.5,141,t20|t19|d12,0.033416055739186934,t20|t19|d12
60-69,64.5,142,t20|ibull|d16,0.02743579797100004,t20|ibull|d16
60-69,64.5,143,t19|t18|d16,0.030903034815373997,t19|t18|d16
60-69,64.5,144,t20|t16|d18,0.04526837429301578,t20|t16|d18
60-69,64.5,145,t20|t19|d14,0.03515170703614242,t20|t19|d14
60-69,64.5,146,t19|t19|d16,0.04334434858092799,t19|t19|d16
60-69,64.5,147,t19|ibull|d20,0.03402793368663231,t19|ibull|d20
60-69,64.5,148,t20|t16|d20,0.04337515892390679,t20|t16|d20
60-69,64.5,149,t20|t19|d16,0.03472877109660419,t20|t19|d16
60-69,64.5,150,t19|t19|d18,0.0449532625137716,ibull|ibull|ibull
60-69,64.5,151,t19|t18|d20,0.030709733536937227,t19|t18|d20
60-69,64.5,152,t20|t20|d16,0.027825716186008688,t20|t20|d16
60-69,64.5,153,t20|t19|d18,0.03601788041574733,t20|t19|d18
60-69,64.5,154,t19|t19|d20,0.04307322575937474,t19|t19|d20
60-69,64.5,155,t20|t19|d19,0.03311805934933313,t20|t19|d19
60-69,64.5,156,t20|t20|d18,0.028858588611797555,t20|t20|d18
60-69,64.5,157,t20|t19|d20,0.034511539491630175,t20|t19|d20
60-69,64.5,158,t20|t20|d19,0.026535166404896015,t20|t20|d19
60-69,64.5,159,,,
60-69,64.5,160,t20|t20|d20,0.027651663813990573,t20|t20|d20
60-69,64.5,161,t19|t18|ibull,0.020522623000432474,t19|t18|ibull
60-69,64.5,162,,,
60-69,64.5,163,,,
60-69,64.5,164,t19|t19|ibull,0.028784866290322304,t19|t19|ibull
60-69,64.5,165,,,
60-69,64.5,166,,,
60-69,64.5,167,t20|t19|ibull,0.023063284261303323,t20|t19|ibull
60-69,64.5,168,,,
60-69,64.5,169,,,
60-69,64.5,170,t20|t20|ibull,0.018478983906085246,t20|t20|ibull
70-79,74.5,2,d1,0.3617669459253618,d1
70-79,74.5,3,o1|d1,0.21103071845646107,o1|d1
70-79,74.5,4,d2,0.371683093252464,d2
70-79,74.5,5,o1|d2,0.216815137730604,o1|d2
70-79,74.5,6,d3,0.3004136504653568,d3
70-79,74.5,7,o1|d3,0.17524129610479147,o1|d3
70-79,74.5,8,d4,0.41728975888431485,d4
70-79,74.5,9,o1|d4,0.24341902601585036,o1|d4
70-79,74.5,10,d5,0.3695914119837879,d5
70-79,74.5,11,o1|d5,0.2155949903238763,o1|d5
70-79,74.5,12,d6,0.3831504196255649,d6
70-79,74.5,13,o1|d6,0.2235044114482462,o1|d6
70-79,74.5,14,d7,0.3639686684073107,d7
70-79,74.5,15,o7|d4,0.19135236247129683,o7|d4
70-79,74.5,16,d8,0.42402304219212206,d8
70-79,74.5,17,o1|d8,0.24734677461207122,o1|d8
70-79,74.5,18,d9,0.36196808510638295,d9
70-79,74.5,19,i3|d8,0.1944399763911358,i3|d8
70-79,74.5,20,d10,0.39836475888536627,d10
70-79,74.5,21,o1|d10,0.23237944268313035,o12|o1|d4
70-79,74.5,22,d11,0.4257932446264074,d11
70-79,74.5,23,o7|d8,0.1944399763911358,o7|d8
70-79,74.5,24,d12,0.3794671864847303,d12
70-79,74.5,25,o1|d12,0.22135585878275937,o1|d12
70-79,74.5,26,d13,0.37110016420361247,d13
70-79,74.5,27,o11|d8,0.1944399763911358,o19|d4
70-79,74.5,28,d14,0.3991769547325103,d14
70-79,74.5,29,o13|d8,0.1944399763911358,o13|d8
70-79,74.5,30,d15,0.3403973509933775,d15
70-79,74.5,31,o15|d8,0.1944399763911358,o19|d6
70-79,74.5,32,d16,0.39437416435256606,d16
70-79,74.5,33,o1|d16,0.2300515958723302,o1|d16
70-79,74.5,34,o17|o1|d8,0.2939291004541445,d17
70-79,74.5,35,o15|d10,0.18267411580344114,i3|d16
70-79,74.5,36,d18,0.40901307596513076,d18
70-79,74.5,37,o17|d10,0.18267411580344114,o17|d10
70-79,74.5,38,d19,0.37608318890814557,d19
70-79,74.5,39,o17|d11,0.19525172029484095,o17|d11
70-79,74.5,40,d20,0.3919073182771813,d20
70-79,74.5,41,o1|d20,0.22861260232835576,o1|d20
70-79,74.5,42,o6|d18,0.18755700733426656,o6|d18
70-79,74.5,43,o7|d18,0.18755700733426656,o7|d18
70-79,74.5,44,o12|d16,0.18084418905527944,o4|d20
70-79,74.5,45,o13|d16,0.18084418905527944,o13|d16
70-79,74.5,46,o10|d18,0.18755700733426656,o10|d18
70-79,74.5,47,o19|d14,0.18304655627395716,o19|d14
70-79,74.5,48,i16|d16,0.18121079200326234,i16|d16
70-79,74.5,49,o17|d16,0.18084418905527944,o17|d16
70-79,74.5,50,ibull,0.26190283072430853,ibull
70-79,74.5,51,o19|d16,0.18084418905527944,o19|d16
70-79,74.5,52,o20|d16,0.2868175740745935,o20|d16
70-79,74.5,53,o17|d18,0.18755700733426656,i3|ibull
70-79,74.5,54,o18|d18,0.18755700733426656,o4|ibull
70-79,74.5,55,o15|d20,0.1797129922925312,o15|d20
70-79,74.5,56,o20|d18,0.29746405524736785,t16|d4
70-79,74.5,57,o17|d20,0.1797129922925312,o17|d20
70-79,74.5,58,o18|d20,0.1797129922925312,o18|d20
70-79,74.5,59,o19|d20,0.1797129922925312,t19|d1
70-79,74.5,60,o20|d20,0.2850235042015864,o20|d20
70-79,74.5,61,obull|d18,0.261375696877888,t7|d20
70-79,74.5,62,o10|o20|d16,0.1315563741263835,o10|o20|d16
70-79,74.5,63,o13|ibull,0.12009814362808303,o13|ibull
70-79,74.5,64,t16|d8,0.17667626758005087,t16|d8
70-79,74.5,65,obull|d20,0.2504444342874146,obull|d20
70-79,74.5,66,t16|d9,0.1508200354609929,ibull|d8
70-79,74.5,67,o17|ibull,0.12009814362808303,o17|ibull
70-79,74.5,68,t16|d10,0.16598531620223594,t16|d10
70-79,74.5,69,t19|d6,0.12702269346282313,t19|d6
70-79,74.5,70,o20|ibull,0.19047478598131531,o20|ibull
70-79,74.5,71,t13|d16,0.11052849271174141,t13|d16
70-79,74.5,72,o20|o20|d16,0.2085945993269771,o20|o20|d16
70-79,74.5,73,t19|d8,0.14057285637891,t19|d8
70-79,74.5,74,o14|o20|d20,0.1307003580309318,o14|o20|d20
70-79,74.5,75,obull|ibull,0.16736637266015822,obull|ibull
70-79,74.5,76,t16|d14,0.16632373113854595,t16|d14
70-79,74.5,77,t19|d10,0.13206657767395294,t19|d10
70-79,74.5,78,d19|d20,0.1473897540141219,d19|d20
70-79,74.5,79,t19|d11,0.1411597169685372,t19|d11
70-79,74.5,80,o20|o20|d20,0.21555428404743474,o20|o20|d20
70-79,74.5,81,t19|d12,0.1258016216063508,t19|d12
70-79,74.5,82,obull|o17|d20,0.11484378216425378,obull|o17|d20
70-79,74.5,83,t17|d16,0.09279392102413318,t17|d16
70-79,74.5,84,t16|d18,0.17042211498547116,t16|d18
70-79,74.5,85,t19|d14,0.13233583825371265,t19|d14
70-79,74.5,86,ibull|d18,0.10712168239852439,ibull|d18
70-79,74.5,87,t17|d18,0.09623837081532488,t17|d18
70-79,74.5,88,t16|d20,0.16329471594882555,t16|d20
70-79,74.5,89,t19|d16,0.1307436088342746,t19|d16
70-79,74.5,90,obull|obull|d20,0.16004399953864074,obull|obull|d20
70-79,74.5,91,obull|t16|d9,0.0963800283860008,obull|t16|d9
70-79,74.5,92,o20|d20|d16,0.12374439027409528,obull|o17|ibull
70-79,74.5,93,t19|d18,0.13559672627104877,obull|o18|ibull
70-79,74.5,94,o18|d18|d20,0.09198058015504981,obull|t19|d6
70-79,74.5,95,t19|d19,0.12467975284454826,obull|o20|ibull
70-79,74.5,96,o20|d20|d18,0.12833770128559893,o20|d20|d18
70-79,74.5,97,t19|d20,0.12992579573319596,t19|d20
70-79,74.5,98,t20|d19,0.09989709705372617,t20|d19
70-79,74.5,99,t19|o6|d18,0.06217922525755575,t19|o6|d18
70-79,74.5,100,o20|d20|d20,0.1229703579183002,o20|d20|d20
70-79,74.5,101,obull|d18|d20,0.1024350484262425,obull|d18|d20
70-79,74.5,102,o20|t14|d20,0.07988154690238917,o20|t14|d20
70-79,74.5,103,o19|t16|d18,0.0781487530559444,o19|t16|d18
70-79,74.5,104,o20|t16|d18,0.12394335635306993,o20|t16|d18
70-79,74.5,105,o20|t15|d20,0.07988154690238917,o20|t15|d20
70-79,74.5,106,o20|t18|d16,0.06779324478126755,o20|t18|d16
70-79,74.5,107,o19|t16|d20,0.07488041345522134,o19|t16|d20
70-79,74.5,108,o20|t16|d20,0.11875979341732766,o20|t16|d20
70-79,74.5,109,t19|o20|d16,0.09508626097038154,t19|o20|d16
70-79,74.5,110,o20|ibull|d20,0.07464846257335733,o20|ibull|d20
70-79,74.5,111,o20|t17|d20,0.06706435392978503,o20|t17|d20
70-79,74.5,112,t20|o20|d16,0.07623463033742167,t20|o20|d16
70-79,74.5,113,o20|t19|d18,0.09861580092439912,o20|t19|d18
70-79,74.5,114,o20|t18|d20,0.06736919190219315,o20|t18|d20
70-79,74.5,115,obull|ibull|d20,0.14448729569532792,obull|ibull|d20
70-79,74.5,116,t20|o20|d18,0.0790644100648999,t20|o20|d18
70-79,74.5,117,o20|t19|d20,0.0944914878059607,o20|t19|d20
70-79,74.5,118,o20|t20|d19,0.0726988871839486,o20|t20|d19
70-79,74.5,119,o19|t20|d20,0.04773626357770361,o19|t20|d20
70-79,74.5,120,t20|o20|d20,0.07575777582803715,t20|o20|d20
70-79,74.5,121,obull|t20|d18,0.069427919483189,obull|t20|d18
70-79,74.5,122,obull|t19|d20,0.08302777441050158,obull|t19|d20
70-79,74.5,123,t19|t16|d9,0.05000012045174221,t19|t16|d9
70-79,74.5,124,o20|t18|ibull,0.04502131305012907,o20|t18|ibull
70-79,74.5,125,obull|ibull|ibull,0.09655760426382907,obull|ibull|ibull
70-79,74.5,126,t19|t19|d6,0.04211078424582723,t19|t19|d6
70-79,74.5,127,o20|t19|ibull,0.063146532309023,o20|t19|ibull
70-79,74.5,128,t20|t16|d10,0.04409094539946363,t20|t16|d10
70-79,74.5,129,t19|d18|d18,0.05546083410292351,t19|d18|d18
70-79,74.5,130,t20|o20|ibull,0.05062721468423208,t20|o20|ibull
70-79,74.5,131,t19|t14|d16,0.036642598127262095,t19|t14|d16
70-79,74.5,132,obull|t19|ibull,0.0554855909362481,obull|t19|ibull
70-79,74.5,133,t19|d19|d19,0.046889959042057144,t19|d19|d19
70-79,74.5,134,t18|d20|d20,0.03630340908272281,t18|d20|d20
70-79,74.5,135,obull|t20|ibull,0.044456692737854527,obull|t20|ibull
70-79,74.5,136,t20|t20|d8,0.0299192459597477,t20|t20|d8
70-79,74.5,137,t19|d20|d20,0.05091887018082567,t19|d20|d20
70-79,74.5,138,t19|t19|d12,0.041705972380366295,t19|t19|d12
70-79,74.5,139,t20|t19|d11,0.037497393984130274,t20|t19|d11
70-79,74.5,140,t20|d20|d20,0.040797709527200014,t20|d20|d20
70-79,74.5,141,t20|t19|d12,0.033416055739186934,t20|t19|d12
70-79,74.5,142,t20|t14|d20,0.029175486856927293,t20|t14|d20
70-79,74.5,143,t19|t18|d16,0.030903034815373997,t19|t18|d16
70-79,74.5,144,t20|t16|d18,0.04526837429301578,t20|t16|d18
70-79,74.5,145,t20|t19|d14,0.03515170703614242,t20|t19|d14
70-79,74.5,146,t19|t19|d16,0.04334434858092799,t19|t19|d16
70-79,74.5,147,t19|ibull|d20,0.03402793368663231,t19|ibull|d20
70-79,74.5,148,t20|t16|d20,0.04337515892390679,t20|t16|d20
70-79,74.5,149,t20|t19|d16,0.03472877109660419,t20|t19|d16
70-79,74.5,150,t19|t19|d18,0.0449532625137716,ibull|ibull|ibull
70-79,74.5,151,t19|t18|d20,0.030709733536937227,t19|t18|d20
70-79,74.5,152,t20|t20|d16,0.027825716186008688,t20|t20|d16
70-79,74.5,153,t20|t19|d18,0.03601788041574733,t20|t19|d18
70-79,74.5,154,t19|t19|d20,0.04307322575937474,t19|t19|d20
70-79,74.5,155,t20|t19|d19,0.03311805934933313,t20|t19|d19
70-79,74.5,156,t20|t20|d18,0.028858588611797555,t20|t20|d18
70-79,74.5,157,t20|t19|d20,0.034511539491630175,t20|t19|d20
70-79,74.5,158,t20|t20|d19,0.026535166404896015,t20|t20|d19
70-79,74.5,159,,,
70-79,74.5,160,t20|t20|d20,0.027651663813990573,t20|t20|d20
70-79,74.5,161,t19|t18|ibull,0.020522623000432474,t19|t18|ibull
70-79,74.5,162,,,
70-79,74.5,163,,,
70-79,74.5,164,t19|t19|ibull,0.028784866290322304,t19|t19|ibull
70-79,74.5,165,,,
70-79,74.5,166,,,
70-79,74.5,167,t20|t19|ibull,0.023063284261303323,t20|t19|ibull
70-79,74.5,168,,,
70-79,74.5,169,,,
70-79,74.5,170,t20|t20|ibull,0.018478983906085246,t20|t20|ibull
80-89,84.5,2,d1,0.3617669459253618,d1
80-89,84.5,3,o1|d1,0.21103071845646107,o1|d1
80-89,84.5,4,d2,0.371683093252464,d2
80-89,84.5,5,o1|d2,0.216815137730604,o1|d2
80-89,84.5,6,d3,0.3004136504653568,d3
80-89,84.5,7,i3|d2,0.1845171961025148,i3|d2
80-89,84.5,8,d4,0.41728975888431485,d4
80-89,84.5,9,o1|d4,0.24341902601585036,o1|d4
80-89,84.5,10,d5,0.3695914119837879,d5
80-89,84.5,11,o1|d5,0.2155949903238763,o1|d5
80-89,84.5,12,d6,0.3831504196255649,d6
80-89,84.5,13,o1|d6,0.2235044114482462,o1|d6
80-89,84.5,14,d7,0.3639686684073107,d7
80-89,84.5,15,o7|d4,0.20715802701127517,o7|d4
80-89,84.5,16,d8,0.42402304219212206,d8
80-89,84.5,17,o1|d8,0.24734677461207122,o1|d8
80-89,84.5,18,d9,0.36196808510638295,d9
80-89,84.5,19,i3|d8,0.21050067718577894,i3|d8
80-89,84.5,20,d10,0.39836475888536627,d10
80-89,84.5,21,o1|d10,0.23237944268313035,o12|o1|d4
80-89,84.5,22,d11,0.4257932446264074,d11
80-89,84.5,23,o7|d8,0.21050067718577894,o7|d8
80-89,84.5,24,d12,0.3794671864847303,d12
80-89,84.5,25,o1|d12,0.22135585878275937,o1|d12
80-89,84.5,26,d13,0.37110016420361247,d13
80-89,84.5,27,o11|d8,0.21050067718577894,o19|d4
80-89,84.5,28,d14,0.3991769547325103,d14
80-89,84.5,29,o13|d8,0.21050067718577894,o13|d8
80-89,84.5,30,d15,0.3403973509933775,d15
80-89,84.5,31,o15|d8,0.21050067718577894,o19|d6
80-89,84.5,32,d16,0.39437416435256606,d16
80-89,84.5,33,o1|d16,0.2300515958723302,o1|d16
80-89,84.5,34,o17|o1|d8,0.29067038973409237,d17
80-89,84.5,35,o15|d10,0.19776295900995994,i3|d16
80-89,84.5,36,d18,0.40901307596513076,d18
80-89,84.5,37,o17|d10,0.19776295900995994,o17|d10
80-89,84.5,38,d19,0.37608318890814557,d19
80-89,84.5,39,o17|d11,0.21137947096369852,o17|d11
80-89,84.5,40,d20,0.3919073182771813,d20
80-89,84.5,41,o1|d20,0.22861260232835576,o1|d20
80-89,84.5,42,o6|d18,0.20304917634520495,o6|d18
80-89,84.5,43,o7|d18,0.20304917634520495,o7|d18
80-89,84.5,44,o12|d16,0.1957818807006644,o4|d20
80-89,84.5,45,o13|d16,0.1957818807006644,o13|d16
80-89,84.5,46,o10|d18,0.20304917634520495,o10|d18
80-89,84.5,47,o19|d14,0.19816616298431808,o19|d14
80-89,84.5,48,i16|d16,0.19612283759223,i16|d16
80-89,84.5,49,o17|d16,0.1957818807006644,o17|d16
80-89,84.5,50,ibull,0.26190283072430853,ibull
80-89,84.5,51,o19|d16,0.1957818807006644,o19|d16
80-89,84.5,52,o20|d16,0.2868175740745935,o20|d16
80-89,84.5,53,o17|d18,0.20304917634520495,i3|ibull
80-89,84.5,54,o18|d18,0.20304917634520495,o4|ibull
80-89,84.5,55,o15|d20,0.19455724732532464,o15|d20
80-89,84.5,56,o20|d18,0.29746405524736785,t16|d4
80-89,84.5,57,o17|d20,0.19455724732532464,o17|d20
80-89,84.5,58,o18|d20,0.19455724732532464,o18|d20
80-89,84.5,59,o19|d20,0.19455724732532464,t19|d1
80-89,84.5,60,o20|d20,0.2850235042015864,o20|d20
80-89,84.5,61,obull|d18,0.2717038095518469,t7|d20
80-89,84.5,62,o10|o20|d16,0.14241781840880735,o10|o20|d16
80-89,84.5,63,t13|d12,0.12566514974475024,t13|d12
80-89,84.5,64,t16|d8,0.17667626758005087,t16|d8
80-89,84.5,65,obull|d20,0.2603406043092769,obull|d20
80-89,84.5,66,t16|d9,0.1508200354609929,ibull|d8
80-89,84.5,67,t9|d20,0.1297848498933313,t9|d20
80-89,84.5,68,t16|d10,0.16598531620223594,t16|d10
80-89,84.5,69,t11|d18,0.13544962850374767,t11|d18
80-89,84.5,70,o20|ibull,0.19047478598131531,o20|ibull
80-89,84.5,71,t13|d16,0.13060177581604993,t13|d16
80-89,84.5,72,o20|o20|d16,0.2085945993269771,o20|o20|d16
80-89,84.5,73,t19|d8,0.14057285637891,t19|d8
80-89,84.5,74,o14|o20|d20,0.1414961798729634,o14|o20|d20
80-89,84.5,75,obull|ibull,0.17397976011474428,obull|ibull
80-89,84.5,76,t16|d14,0.16632373113854595,t16|d14
80-89,84.5,77,t19|d10,0.13206657767395294,t19|d10
80-89,84.5,78,d19|d20,0.1473897540141219,d19|d20
80-89,84.5,79,o19|o20|d20,0.1414961798729634,o19|o20|d20
80-89,84.5,80,o20|o20|d20,0.21555428404743474,o20|o20|d20
80-89,84.5,81,t15|d18,0.13544962850374767,t15|d18
80-89,84.5,82,obull|o17|d20,0.12924267799868133,obull|o17|d20
80-89,84.5,83,t17|d16,0.09279392102413318,t17|d16
80-89,84.5,84,t16|d18,0.17042211498547116,t16|d18
80-89,84.5,85,t19|d14,0.13233583825371265,t19|d14
80-89,84.5,86,ibull|d18,0.10712168239852439,ibull|d18
80-89,84.5,87,t17|d18,0.09623837081532488,t17|d18
80-89,84.5,88,t16|d20,0.16329471594882555,t16|d20
80-89,84.5,89,t19|d16,0.1307436088342746,t19|d16
80-89,84.5,90,obull|obull|d20,0.17294198676887987,obull|obull|d20
80-89,84.5,91,obull|t16|d9,0.1001884306383151,obull|t16|d9
80-89,84.5,92,o20|d20|d16,0.12374439027409528,obull|o17|ibull
80-89,84.5,93,t19|d18,0.13559672627104877,obull|o18|ibull
80-89,84.5,94,o18|d18|d20,0.0967595953247762,obull|t19|d6
80-89,84.5,95,t19|d19,0.12467975284454826,obull|o20|ibull
80-89,84.5,96,o20|d20|d18,0.12833770128559893,o20|d20|d18
80-89,84.5,97,t19|d20,0.12992579573319596,t19|d20
80-89,84.5,98,t20|d19,0.09989709705372617,t20|d19
80-89,84.5,99,t19|o6|d18,0.06731521607096468,t19|o6|d18
80-89,84.5,100,o20|d20|d20,0.1229703579183002,o20|d20|d20
80-89,84.5,101,obull|d18|d20,0.10648271136715833,obull|d18|d20
80-89,84.5,102,o20|t14|d20,0.09438898174060457,o20|t14|d20
80-89,84.5,103,o19|t16|d18,0.08460382347716873,o19|t16|d18
80-89,84.5,104,o20|t16|d18,0.12394335635306993,o20|t16|d18
80-89,84.5,105,o20|t15|d20,0.09438898174060457,o20|t15|d20
80-89,84.5,106,o20|t18|d16,0.06779324478126755,o20|t18|d16
80-89,84.5,107,o19|t16|d20,0.08106551971888527,o19|t16|d20
80-89,84.5,108,o20|t16|d20,0.11875979341732766,o20|t16|d20
80-89,84.5,109,t19|o20|d16,0.09508626097038154,t19|o20|d16
80-89,84.5,110,o20|ibull|d20,0.07464846257335733,o20|ibull|d20
80-89,84.5,111,t19|o18|d18,0.06731521607096468,t19|o18|d18
80-89,84.5,112,t20|o20|d16,0.07623463033742167,t20|o20|d16
80-89,84.5,113,o20|t19|d18,0.09861580092439912,o20|t19|d18
80-89,84.5,114,o20|t18|d20,0.06736919190219315,o20|t18|d20
80-89,84.5,115,obull|ibull|d20,0.14155994294411275,obull|ibull|d20
80-89,84.5,116,t20|o20|d18,0.0790644100648999,t20|o20|d18
80-89,84.5,117,o20|t19|d20,0.0944914878059607,o20|t19|d20
80-89,84.5,118,o20|t20|d19,0.0726988871839486,o20|t20|d19
80-89,84.5,119,o19|t20|d20,0.05167926882078936,o19|t20|d20
80-89,84.5,120,t20|o20|d20,0.07575777582803715,t20|o20|d20
80-89,84.5,121,obull|t20|d18,0.07217132441220933,obull|t20|d18
80-89,84.5,122,obull|t19|d20,0.08630856990687984,obull|t19|d20
80-89,84.5,123,t19|t16|d9,0.05000012045174221,t19|t16|d9
80-89,84.5,124,o20|t18|ibull,0.04502131305012907,o20|t18|ibull
80-89,84.5,125,obull|ibull|ibull,0.09460132037650039,obull|ibull|ibull
80-89,84.5,126,t19|t19|d6,0.04211078424582723,t19|t19|d6
80-89,84.5,127,o20|t19|ibull,0.063146532309023,o20|t19|ibull
80-89,84.5,128,t20|t16|d10,0.04409094539946363,t20|t16|d10
80-89,84.5,129,t19|d18|d18,0.05546083410292351,t19|d18|d18
80-89,84.5,130,t20|o20|ibull,0.05062721468423208,t20|o20|ibull
80-89,84.5,131,t19|t14|d16,0.04329732785206002,t19|t14|d16
80-89,84.5,132,obull|t19|ibull,0.05767807264673587,obull|t19|ibull
80-89,84.5,133,t19|d19|d19,0.046889959042057144,t19|d19|d19
80-89,84.5,134,t18|d20|d20,0.03630340908272281,t18|d20|d20
80-89,84.5,135,obull|t20|ibull,0.04621337378047895,obull|t20|ibull
80-89,84.5,136,t20|t12|d20,0.034474100752916126,t20|t12|d20
80-89,84.5,137,t19|d20|d20,0.05091887018082567,t19|d20|d20
80-89,84.5,138,t19|t19|d12,0.041705972380366295,t19|t19|d12
80-89,84.5,139,t19|t14|d20,0.04302649914941961,t19|t14|d20
80-89,84.5,140,t20|d20|d20,0.040797709527200014,t20|d20|d20
80-89,84.5,141,t20|t15|d18,0.035978807571307975,t20|t15|d18
80-89,84.5,142,t20|t14|d20,0.034474100752916126,t20|t14|d20
80-89,84.5,143,t19|t18|d16,0.030903034815373997,t19|t18|d16
80-89,84.5,144,t20|t16|d18,0.04526837429301578,t20|t16|d18
80-89,84.5,145,t20|t19|d14,0.03515170703614242,t20|t19|d14
80-89,84.5,146,t19|t19|d16,0.04334434858092799,t19|t19|d16
80-89,84.5,147,t19|ibull|d20,0.03402793368663231,t19|ibull|d20
80-89,84.5,148,t20|t16|d20,0.04337515892390679,t20|t16|d20
80-89,84.5,149,t20|t19|d16,0.03472877109660419,t20|t19|d16
80-89,84.5,150,t19|t19|d18,0.0449532625137716,ibull|ibull|ibull
80-89,84.5,151,t19|t18|d20,0.030709733536937227,t19|t18|d20
80-89,84.5,152,t20|t20|d16,0.027825716186008688,t20|t20|d16
80-89,84.5,153,t20|t19|d18,0.03601788041574733,t20|t19|d18
80-89,84.5,154,t19|t19|d20,0.04307322575937474,t19|t19|d20
80-89,84.5,155,t20|t19|d19,0.03311805934933313,t20|t19|d19
80-89,84.5,156,t20|t20|d18,0.028858588611797555,t20|t20|d18
80-89,84.5,157,t20|t19|d20,0.034511539491630175,t20|t19|d20
80-89,84.5,158,t20|t20|d19,0.026535166404896015,t20|t20|d19
80-89,84.5,159,,,
80-89,84.5,160,t20|t20|d20,0.027651663813990573,t20|t20|d20
80-89,84.5,161,t19|t18|ibull,0.020522623000432474,t19|t18|ibull
80-89,84.5,162,,,
80-89,84.5,163,,,
80-89,84.5,164,t19|t19|ibull,0.028784866290322304,t19|t19|ibull
80-89,84.5,165,,,
80-89,84.5,166,,,
80-89,84.5,167,t20|t19|ibull,0.023063284261303323,t20|t19|ibull
80-89,84.5,168,,,
80-89,84.5,169,,,
80-89,84.5,170,t20|t20|ibull,0.018478983906085246,t20|t20|ibull
90-99,94.5,2,d1,0.3617669459253618,d1
90-99,94.5,3,o1|d1,0.21103071845646107,o1|d1
90-99,94.5,4,d2,0.371683093252464,d2
90-99,94.5,5,o1|d2,0.216815137730604,o1|d2
90-99,94.5,6,d3,0.3004136504653568,d3
90-99,94.5,7,i3|d2,0.19859541911675027,i3|d2
90-99,94.5,8,d4,0.41728975888431485,d4
90-99,94.5,9,o1|d4,0.24341902601585036,o1|d4
90-99,94.5,10,d5,0.3695914119837879,d5
90-99,94.5,11,i3|d4,0.2229636915512535,i3|d4
90-99,94.5,12,d6,0.3831504196255649,d6
90-99,94.5,13,o1|d6,0.2235044114482462,o1|d6
90-99,94.5,14,d7,0.3639686684073107,d7
90-99,94.5,15,o7|d4,0.2229636915512535,o7|d4
90-99,94.5,16,d8,0.42402304219212206,d8
90-99,94.5,17,o1|d8,0.24734677461207122,o1|d8
90-99,94.5,18,d9,0.36196808510638295,d9
90-99,94.5,19,i3|d8,0.22656137798042209,i3|d8
90-99,94.5,20,d10,0.39836475888536627,d10
90-99,94.5,21,o1|d10,0.23237944268313035,o12|o1|d4
90-99,94.5,22,d11,0.4257932446264074,d11
90-99,94.5,23,o7|d8,0.22656137798042209,o7|d8
90-99,94.5,24,d12,0.3794671864847303,d12
90-99,94.5,25,o9|d8,0.22656137798042209,o9|d8
90-99,94.5,26,d13,0.37110016420361247,d13
90-99,94.5,27,o11|d8,0.22656137798042209,o19|d4
90-99,94.5,28,d14,0.3991769547325103,d14
90-99,94.5,29,o13|d8,0.22656137798042209,o13|d8
90-99,94.5,30,d15,0.3403973509933775,d15
90-99,94.5,31,o15|d8,0.22656137798042209,o19|d6
90-99,94.5,32,d16,0.39437416435256606,d16
90-99,94.5,33,o1|d16,0.2300515958723302,o1|d16
90-99,94.5,34,o17|o1|d8,0.28741167901404013,d17
90-99,94.5,35,o15|d10,0.2128518022164787,i3|d16
90-99,94.5,36,d18,0.40901307596513076,d18
90-99,94.5,37,o17|d10,0.2128518022164787,o17|d10
90-99,94.5,38,d19,0.37608318890814557,d19
90-99,94.5,39,o17|d11,0.22750722163255613,o17|d11
90-99,94.5,40,d20,0.3919073182771813,d20
90-99,94.5,41,o1|d20,0.22861260232835576,o1|d20
90-99,94.5,42,o6|d18,0.21854134535614334,o6|d18
90-99,94.5,43,o7|d18,0.21854134535614334,o7|d18
90-99,94.5,44,o12|d16,0.2107195723460494,o4|d20
90-99,94.5,45,o13|d16,0.2107195723460494,o13|d16
90-99,94.5,46,o10|d18,0.21854134535614334,o10|d18
90-99,94.5,47,o19|d14,0.213285769694679,o19|d14
90-99,94.5,48,i16|d16,0.21103488318119773,i16|d16
90-99,94.5,49,o17|d16,0.2107195723460494,o17|d16
90-99,94.5,50,ibull,0.26190283072430853,ibull
90-99,94.5,51,o19|d16,0.2107195723460494,o19|d16
90-99,94.5,52,o20|d16,0.2868175740745935,o20|d16
90-99,94.5,53,o17|d18,0.21854134535614334,i3|ibull
90-99,94.5,54,o18|d18,0.21854134535614334,o4|ibull
90-99,94.5,55,o15|d20,0.20940150235811808,o15|d20
90-99,94.5,56,o20|d18,0.29746405524736785,t16|d4
90-99,94.5,57,o17|d20,0.20940150235811808,o17|d20
90-99,94.5,58,o18|d20,0.20940150235811808,o18|d20
90-99,94.5,59,o19|d20,0.20940150235811808,t19|d1
90-99,94.5,60,o20|d20,0.2850235042015864,o20|d20
90-99,94.5,61,obull|d18,0.2820319222258058,t7|d20
90-99,94.5,62,o10|o20|d16,0.15327926269123124,o10|o20|d16
90-99,94.5,63,t13|d12,0.14497968135360526,t13|d12
90-99,94.5,64,t16|d8,0.17667626758005087,t16|d8
90-99,94.5,65,obull|d20,0.2702367743311392,obull|d20
90-99,94.5,66,t10|d18,0.15626801877708274,ibull|d8
90-99,94.5,67,t9|d20,0.14973257279587748,t9|d20
90-99,94.5,68,t16|d10,0.16598531620223594,t16|d10
90-99,94.5,69,t11|d18,0.15626801877708274,t11|d18
90-99,94.5,70,o20|ibull,0.19047478598131531,o20|ibull
90-99,94.5,71,t13|d16,0.15067505892035843,t13|d16
90-99,94.5,72,o20|o20|d16,0.2085945993269771,o20|o20|d16
90-99,94.5,73,t11|d20,0.14973257279587748,t11|d20
90-99,94.5,74,o14|o20|d20,0.15229200171499496,o14|o20|d20
90-99,94.5,75,obull|ibull,0.18059314756933031,obull|ibull
90-99,94.5,76,t16|d14,0.16632373113854595,t16|d14
90-99,94.5,77,t19|d10,0.13206657767395294,t19|d10
90-99,94.5,78,o20|o18|d20,0.1522967909511275,o20|o18|d20
90-99,94.5,79,o19|o20|d20,0.15229200171499496,o19|o20|d20
90-99,94.5,80,o20|o20|d20,0.21555428404743474,o20|o20|d20
90-99,94.5,81,t15|d18,0.15626801877708274,t15|d18
90-99,94.5,82,t14|d20,0.14973257279587748,obull|o17|d20
90-99,94.5,83,t17|d16,0.09279392102413318,t17|d16
90-99,94.5,84,t16|d18,0.17042211498547116,t16|d18
90-99,94.5,85,t15|d20,0.14973257279587748,t15|d20
90-99,94.5,86,ibull|d18,0.10712168239852439,ibull|d18
90-99,94.5,87,t17|d18,0.09623837081532488,t17|d18
90-99,94.5,88,t16|d20,0.16329471594882555,t16|d20
90-99,94.5,89,t19|d16,0.1307436088342746,t19|d16
90-99,94.5,90,obull|obull|d20,0.18633975635343747,obull|obull|d20
90-99,94.5,91,obull|t16|d9,0.10399683289062944,obull|t16|d9
90-99,94.5,92,o20|d20|d16,0.12374439027409528,obull|o17|ibull
90-99,94.5,93,t19|d18,0.13559672627104877,obull|o18|ibull
90-99,94.5,94,o18|d18|d20,0.10153861049450259,obull|t19|d6
90-99,94.5,95,t19|d19,0.12467975284454826,obull|o20|ibull
90-99,94.5,96,o20|d20|d18,0.12833770128559893,o20|d20|d18
90-99,94.5,97,t19|d20,0.12992579573319596,t19|d20
90-99,94.5,98,t20|d19,0.09989709705372617,t20|d19
90-99,94.5,99,t19|o6|d18,0.07245120688437359,t19|o6|d18
90-99,94.5,100,o20|d20|d20,0.1229703579183002,o20|d20|d20
90-99,94.5,101,o20|t15|d18,0.11364946820151473,obull|d20|d18
90-99,94.5,102,o20|t14|d20,0.10889641657881999,o20|t14|d20
90-99,94.5,103,o19|t16|d18,0.09105889389839306,o19|t16|d18
90-99,94.5,104,o20|t16|d18,0.12394335635306993,o20|t16|d18
90-99,94.5,105,o20|t15|d20,0.10889641657881999,o20|t15|d20
90-99,94.5,106,o20|t18|d16,0.06779324478126755,o20|t18|d16
90-99,94.5,107,o19|t16|d20,0.08725062598254921,o19|t16|d20
90-99,94.5,108,o20|t16|d20,0.11875979341732766,o20|t16|d20
90-99,94.5,109,t19|o20|d16,0.09508626097038154,t19|o20|d16
90-99,94.5,110,o20|ibull|d20,0.07464846257335733,o20|ibull|d20
90-99,94.5,111,t19|o18|d18,0.07245120688437359,t19|o18|d18
90-99,94.5,112,t20|o20|d16,0.07623463033742167,t20|o20|d16
90-99,94.5,113,o20|t19|d18,0.09861580092439912,o20|t19|d18
90-99,94.5,114,o20|t18|d20,0.06736919190219315,o20|t18|d20
90-99,94.5,115,obull|ibull|d20,0.13863259019289756,obull|ibull|d20
90-99,94.5,116,t20|o20|d18,0.0790644100648999,t20|o20|d18
90-99,94.5,117,o20|t19|d20,0.0944914878059607,o20|t19|d20
90-99,94.5,118,o20|t20|d19,0.0726988871839486,o20|t20|d19
90-99,94.5,119,o19|t20|d20,0.055622274063875106,o19|t20|d20
90-99,94.5,120,t20|o20|d20,0.07575777582803715,t20|o20|d20
90-99,94.5,121,obull|t20|d18,0.07491472934122968,obull|t20|d18
90-99,94.5,122,obull|t19|d20,0.08958936540325808,obull|t19|d20
90-99,94.5,123,t19|t16|d9,0.05000012045174221,t19|t16|d9
90-99,94.5,124,t20|t14|d11,0.04321375322506463,t20|t14|d11
90-99,94.5,125,ibull|obull|ibull,0.09264503648917169,ibull|obull|ibull
90-99,94.5,126,t19|t15|d12,0.04806391610092348,t19|t15|d12
90-99,94.5,127,o20|t19|ibull,0.063146532309023,o20|t19|ibull
90-99,94.5,128,t20|t16|d10,0.04409094539946363,t20|t16|d10
90-99,94.5,129,t19|d18|d18,0.05546083410292351,t19|d18|d18
90-99,94.5,130,t20|o20|ibull,0.05062721468423208,t20|o20|ibull
90-99,94.5,131,t19|t14|d16,0.04995205757685795,t19|t14|d16
90-99,94.5,132,obull|t19|ibull,0.05987055435722363,obull|t19|ibull
90-99,94.5,133,t19|t12|d20,0.04963960293776373,t19|t12|d20
90-99,94.5,134,t20|t14|d16,0.04002306252572021,t20|t14|d16
90-99,94.5,135,obull|t20|ibull,0.04797005482310337,obull|t20|ibull
90-99,94.5,136,t20|t12|d20,0.03977271464890496,t20|t12|d20
90-99,94.5,137,t19|d20|d20,0.05091887018082567,t19|d20|d20
90-99,94.5,138,t19|t19|d12,0.041705972380366295,t19|t19|d12
90-99,94.5,139,t19|t14|d20,0.04963960293776373,t19|t14|d20
90-99,94.5,140,t20|d20|d20,0.040797709527200014,t20|d20|d20
90-99,94.5,141,t20|t15|d18,0.041508692487662605,t20|t15|d18
90-99,94.5,142,t20|t14|d20,0.03977271464890496,t20|t14|d20
90-99,94.5,143,t19|t18|d16,0.030903034815373997,t19|t18|d16
90-99,94.5,144,t20|t16|d18,0.04526837429301578,t20|t16|d18
90-99,94.5,145,t20|t15|d20,0.03977271464890496,t20|t15|d20
90-99,94.5,146,t19|t19|d16,0.04334434858092799,t19|t19|d16
90-99,94.5,147,t19|ibull|d20,0.03402793368663231,t19|ibull|d20
90-99,94.5,148,t20|t16|d20,0.04337515892390679,t20|t16|d20
90-99,94.5,149,t20|t19|d16,0.03472877109660419,t20|t19|d16
90-99,94.5,150,t19|t19|d18,0.0449532625137716,ibull|ibull|ibull
90-99,94.5,151,t19|t18|d20,0.030709733536937227,t19|t18|d20
90-99,94.5,152,t20|t20|d16,0.027825716186008688,t20|t20|d16
90-99,94.5,153,t20|t19|d18,0.03601788041574733,t20|t19|d18
90-99,94.5,154,t19|t19|d20,0.04307322575937474,t19|t19|d20
90-99,94.5,155,t20|t19|d19,0.03311805934933313,t20|t19|d19
90-99,94.5,156,t20|t20|d18,0.028858588611797555,t20|t20|d18
90-99,94.5,157,t20|t19|d20,0.034511539491630175,t20|t19|d20
90-99,94.5,158,t20|t20|d19,0.026535166404896015,t20|t20|d19
90-99,94.5,159,,,
90-99,94.5,160,t20|t20|d20,0.027651663813990573,t20|t20|d20
90-99,94.5,161,t19|t18|ibull,0.020522623000432474,t19|t18|ibull
90-99,94.5,162,,,
90-99,94.5,163,,,
90-99,94.5,164,t19|t19|ibull,0.028784866290322304,t19|t19|ibull
90-99,94.5,165,,,
90-99,94.5,166,,,
90-99,94.5,167,t20|t19|ibull,0.023063284261303323,t20|t19|ibull
90-99,94.5,168,,,
90-99,94.5,169,,,
90-99,94.5,170,t20|t20|ibull,0.018478983906085246,t20|t20|ibull
100-109,104.5,2,d1,0.3617669459253618,d1
100-109,104.5,3,o1|d1,0.21103071845646107,o1|d1
100-109,104.5,4,d2,0.371683093252464,d2
100-109,104.5,5,o1|d2,0.216815137730604,o1|d2
100-109,104.5,6,d3,0.3004136504653568,d3
100-109,104.5,7,i3|d2,0.21267364213098577,i3|d2
100-109,104.5,8,d4,0.41728975888431485,d4
100-109,104.5,9,o1|d4,0.24341902601585036,o1|d4
100-109,104.5,10,d5,0.3695914119837879,d5
100-109,104.5,11,i3|d4,0.23876935609123187,i3|d4
100-109,104.5,12,d6,0.3831504196255649,d6
100-109,104.5,13,o5|d4,0.23876935609123187,o1|d6
100-109,104.5,14,d7,0.3639686684073107,d7
100-109,104.5,15,o7|d4,0.23876935609123187,o7|d4
100-109,104.5,16,d8,0.42402304219212206,d8
100-109,104.5,17,o1|d8,0.24734677461207122,o1|d8
100-109,104.5,18,d9,0.36196808510638295,d9
100-109,104.5,19,i3|d8,0.24262207877506525,i3|d8
100-109,104.5,20,d10,0.39836475888536627,d10
100-109,104.5,21,o5|d8,0.24262207877506525,o12|o1|d4
100-109,104.5,22,d11,0.4257932446264074,d11
100-109,104.5,23,o7|d8,0.24262207877506525,o7|d8
100-109,104.5,24,d12,0.3794671864847303,d12
100-109,104.5,25,o9|d8,0.24262207877506525,o9|d8
100-109,104.5,26,d13,0.37110016420361247,d13
100-109,104.5,27,o11|d8,0.24262207877506525,o19|d4
100-109,104.5,28,d14,0.3991769547325103,d14
100-109,104.5,29,o13|d8,0.24262207877506525,o13|d8
100-109,104.5,30,d15,0.3403973509933775,d15
100-109,104.5,31,o15|d8,0.24262207877506525,o19|d6
100-109,104.5,32,d16,0.39437416435256606,d16
100-109,104.5,33,o1|d16,0.2300515958723302,o1|d16
100-109,104.5,34,o17|o1|d8,0.28415296829398806,d17
100-109,104.5,35,o15|d10,0.22794064542299752,i3|d16
100-109,104.5,36,d18,0.40901307596513076,d18
100-109,104.5,37,o17|d10,0.22794064542299752,o17|d10
100-109,104.5,38,d19,0.37608318890814557,d19
100-109,104.5,39,o17|d11,0.24363497230141373,o17|d11
100-109,104.5,40,d20,0.3919073182771813,d20
100-109,104.5,41,o5|d18,0.23403351436708175,o5|d18
100-109,104.5,42,o6|d18,0.23403351436708175,o6|d18
100-109,104.5,43,o7|d18,0.23403351436708175,o7|d18
100-109,104.5,44,o12|d16,0.2256572639914344,o4|d20
100-109,104.5,45,o13|d16,0.2256572639914344,o13|d16
100-109,104.5,46,o10|d18,0.23403351436708175,o10|d18
100-109,104.5,47,o19|d14,0.22840537640503997,o19|d14
100-109,104.5,48,i16|d16,0.22594692877016542,i16|d16
100-109,104.5,49,o17|d16,0.2256572639914344,o17|d16
100-109,104.5,50,ibull,0.26190283072430853,ibull
100-109,104.5,51,o19|d16,0.2256572639914344,o19|d16
100-109,104.5,52,o20|d16,0.2868175740745935,o20|d16
100-109,104.5,53,o17|d18,0.23403351436708175,i3|ibull
100-109,104.5,54,o18|d18,0.23403351436708175,o4|ibull
100-109,104.5,55,o15|d20,0.22424575739091154,o15|d20
100-109,104.5,56,o20|d18,0.29746405524736785,t16|d4
100-109,104.5,57,o17|d20,0.22424575739091154,o17|d20
100-109,104.5,58,o18|d20,0.22424575739091154,o18|d20
100-109,104.5,59,o19|d20,0.22424575739091154,t19|d1
100-109,104.5,60,o20|d20,0.2850235042015864,o20|d20
100-109,104.5,61,obull|d18,0.29236003489976475,t7|d20
100-109,104.5,62,t10|d16,0.1707483420246669,t10|d16
100-109,104.5,63,t13|d12,0.16429421296246027,t13|d12
100-109,104.5,64,t14|d11,0.1843515552917061,t16|d8
100-109,104.5,65,obull|d20,0.28013294435300146,obull|d20
100-109,104.5,66,t10|d18,0.1770864090504178,ibull|d8
100-109,104.5,67,t9|d20,0.16968029569842366,t9|d20
100-109,104.5,68,t12|d16,0.1707483420246669,t12|d16
100-109,104.5,69,t11|d18,0.1770864090504178,t11|d18
100-109,104.5,70,o20|ibull,0.19047478598131531,o20|ibull
100-109,104.5,71,t13|d16,0.1707483420246669,t13|d16
100-109,104.5,72,o20|o20|d16,0.2085945993269771,o20|o20|d16
100-109,104.5,73,t11|d20,0.16968029569842366,t11|d20
100-109,104.5,74,t14|d16,0.1707483420246669,t14|d16
100-109,104.5,75,obull|ibull,0.18720653502391638,obull|ibull
100-109,104.5,76,t12|d20,0.16968029569842366,t12|d20
100-109,104.5,77,t19|d10,0.13206657767395294,t19|d10
100-109,104.5,78,o18|o20|d20,0.16309222325684647,o18|o20|d20
100-109,104.5,79,t13|d20,0.16968029569842366,t13|d20
100-109,104.5,80,o20|o20|d20,0.21555428404743474,o20|o20|d20
100-109,104.5,81,t15|d18,0.1770864090504178,t15|d18
100-109,104.5,82,t14|d20,0.16968029569842366,obull|o17|d20
100-109,104.5,83,t17|d16,0.09279392102413318,t17|d16
100-109,104.5,84,t16|d18,0.17042211498547116,t16|d18
100-109,104.5,85,t15|d20,0.16968029569842366,t15|d20
100-109,104.5,86,ibull|d18,0.10712168239852439,ibull|d18
100-109,104.5,87,t17|d18,0.09623837081532488,t17|d18
100-109,104.5,88,t16|d20,0.16329471594882555,t16|d20
100-109,104.5,89,t19|d16,0.1307436088342746,t19|d16
100-109,104.5,90,obull|obull|d20,0.2002373082923136,obull|obull|d20
100-109,104.5,91,obull|t16|d9,0.10780523514294378,obull|t16|d9
100-109,104.5,92,o20|d20|d16,0.12374439027409528,obull|o17|ibull
100-109,104.5,93,t19|d18,0.13559672627104877,obull|o18|ibull
100-109,104.5,94,o18|d18|d20,0.10631762566422899,obull|o19|ibull
100-109,104.5,95,t19|d19,0.12467975284454826,obull|o20|ibull
100-109,104.5,96,o20|d20|d18,0.12833770128559893,o20|d20|d18
100-109,104.5,97,t19|d20,0.12992579573319596,t19|d20
100-109,104.5,98,t20|d19,0.09989709705372617,t20|d19
100-109,104.5,99,t19|o6|d18,0.07758719769778252,t19|o6|d18
100-109,104.5,100,o20|d20|d20,0.1229703579183002,o20|d20|d20
100-109,104.5,101,o20|t15|d18,0.12879011567303114,obull|d18|d20
100-109,104.5,102,o20|t14|d20,0.12340385141703539,o20|t14|d20
100-109,104.5,103,o19|t16|d18,0.0975139643196174,o19|t16|d18
100-109,104.5,104,o20|t16|d18,0.12394335635306993,o20|t16|d18
100-109,104.5,105,o20|t15|d20,0.12340385141703539,o20|t15|d20
100-109,104.5,106,o20|t18|d16,0.06779324478126755,o20|t18|d16
100-109,104.5,107,o19|t16|d20,0.09343573224621315,o19|t16|d20
100-109,104.5,108,o20|t16|d20,0.11875979341732766,o20|t16|d20
100-109,104.5,109,t19|o20|d16,0.09508626097038154,t19|o20|d16
100-109,104.5,110,o20|ibull|d20,0.07464846257335733,o20|ibull|d20
100-109,104.5,111,t19|o18|d18,0.07758719769778252,t19|o18|d18
100-109,104.5,112,t20|o20|d16,0.07623463033742167,t20|o20|d16
100-109,104.5,113,o20|t19|d18,0.09861580092439912,o20|t19|d18
100-109,104.5,114,t19|o19|d19,0.07134060606687395,t19|o19|d19
100-109,104.5,115,obull|ibull|d20,0.1357052374416824,obull|ibull|d20
100-109,104.5,116,t20|o20|d18,0.0790644100648999,t20|o20|d18
100-109,104.5,117,o20|t19|d20,0.0944914878059607,o20|t19|d20
100-109,104.5,118,o20|t20|d19,0.0726988871839486,o20|t20|d19
100-109,104.5,119,o19|t20|d20,0.05956527930696088,o19|t20|d20
100-109,104.5,120,t20|o20|d20,0.07575777582803715,t20|o20|d20
100-109,104.5,121,obull|t20|d18,0.07765813427025,obull|t20|d18
100-109,104.5,122,obull|t19|d20,0.09287016089963634,obull|t19|d20
100-109,104.5,123,t19|t16|d9,0.05000012045174221,t19|t16|d9
100-109,104.5,124,t20|t14|d11,0.048970790313365646,t20|t14|d11
100-109,104.5,125,ibull|obull|ibull,0.090688752601843,ibull|obull|ibull
100-109,104.5,126,t19|t15|d12,0.05446710321038084,t19|t15|d12
100-109,104.5,127,o20|t19|ibull,0.063146532309023,o20|t19|ibull
100-109,104.5,128,t20|t16|d10,0.04409094539946363,t20|t16|d10
100-109,104.5,129,t19|t12|d18,0.05870799430475807,t19|t12|d18
100-109,104.5,130,t20|t10|d20,0.045071328544893784,t20|t10|d20
100-109,104.5,131,t19|t14|d16,0.05660678730165587,t19|t14|d16
100-109,104.5,132,obull|t19|ibull,0.0620630360677114,obull|t19|ibull
100-109,104.5,133,t19|t12|d20,0.05625270672610784,t19|t12|d20
100-109,104.5,134,t20|t14|d16,0.04535502835030215,t20|t14|d16
100-109,104.5,135,ibull|t15|d20,0.04443974976155487,ibull|t15|d20
100-109,104.5,136,t20|t12|d20,0.045071328544893784,t20|t12|d20
100-109,104.5,137,t19|d20|d20,0.05091887018082567,t19|d20|d20
100-109,104.5,138,t19|t19|d12,0.041705972380366295,t19|t19|d12
100-109,104.5,139,t19|t14|d20,0.05625270672610784,t19|t14|d20
100-109,104.5,140,t20|d20|d20,0.040797709527200014,t20|d20|d20
100-109,104.5,141,t20|t15|d18,0.04703857740401723,t20|t15|d18
100-109,104.5,142,t20|t14|d20,0.045071328544893784,t20|t14|d20
100-109,104.5,143,t19|t18|d16,0.030903034815373997,t19|t18|d16
100-109,104.5,144,t20|t16|d18,0.04526837429301578,t20|t16|d18
100-109,104.5,145,t20|t15|d20,0.045071328544893784,t20|t15|d20
100-109,104.5,146,t19|t19|d16,0.04334434858092799,t19|t19|d16
100-109,104.5,147,t19|ibull|d20,0.03402793368663231,t19|ibull|d20
100-109,104.5,148,t20|t16|d20,0.04337515892390679,t20|t16|d20
100-109,104.5,149,t20|t19|d16,0.03472877109660419,t20|t19|d16
100-109,104.5,150,t19|t19|d18,0.0449532625137716,ibull|ibull|ibull
100-109,104.5,151,t19|t18|d20,0.030709733536937227,t19|t18|d20
100-109,104.5,152,t20|t20|d16,0.027825716186008688,t20|t20|d16
100-109,104.5,153,t20|t19|d18,0.03601788041574733,t20|t19|d18
100-109,104.5,154,t19|t19|d20,0.04307322575937474,t19|t19|d20
100-109,104.5,155,t20|t19|d19,0.03311805934933313,t20|t19|d19
100-109,104.5,156,t20|t20|d18,0.028858588611797555,t20|t20|d18
100-109,104.5,157,t20|t19|d20,0.034511539491630175,t20|t19|d20
100-109,104.5,158,t20|t20|d19,0.026535166404896015,t20|t20|d19
100-109,104.5,159,,,
100-109,104.5,160,t20|t20|d20,0.027651663813990573,t20|t20|d20
100-109,104.5,161,t19|t18|ibull,0.020522623000432474,t19|t18|ibull
100-109,104.5,162,,,
100-109,104.5,163,,,
100-109,104.5,164,t19|t19|ibull,0.028784866290322304,t19|t19|ibull
100-109,104.5,165,,,
100-109,104.5,166,,,
100-109,104.5,167,t20|t19|ibull,0.023063284261303323,t20|t19|ibull
100-109,104.5,168,,,
100-109,104.5,169,,,
100-109,104.5,170,t20|t20|ibull,0.018478983906085246,t20|t20|ibull
110+,115.0,2,d1,0.3617669459253618,d1
110+,115.0,3,i1|d1,0.22138747502235626,i1|d1
110+,115.0,4,d2,0.371683093252464,d2
110+,115.0,5,i1|d2,0.22745577629593303,i1|d2
110+,115.0,6,d3,0.3004136504653568,d3
110+,115.0,7,i3|d2,0.22745577629593303,i3|d2
110+,115.0,8,d4,0.41728975888431485,d4
110+,115.0,9,i1|d4,0.2553653038582091,i1|d4
110+,115.0,10,d5,0.3695914119837879,d5
110+,115.0,11,i3|d4,0.2553653038582091,i3|d4
110+,115.0,12,d6,0.3831504196255649,d6
110+,115.0,13,o5|d4,0.2553653038582091,i1|d6
110+,115.0,14,d7,0.3639686684073107,d7
110+,115.0,15,o7|d4,0.2553653038582091,o7|d4
110+,115.0,16,d8,0.42402304219212206,d8
110+,115.0,17,i1|d8,0.25948581460944053,i1|d8
110+,115.0,18,d9,0.36196808510638295,d9
110+,115.0,19,i3|d8,0.25948581460944053,i3|d8
110+,115.0,20,d10,0.39836475888536627,d10
110+,115.0,21,o5|d8,0.25948581460944053,o12|i1|d4
110+,115.0,22,d11,0.4257932446264074,d11
110+,115.0,23,o7|d8,0.25948581460944053,o7|d8
110+,115.0,24,d12,0.3794671864847303,d12
110+,115.0,25,o9|d8,0.25948581460944053,o9|d8
110+,115.0,26,d13,0.37110016420361247,d13
110+,115.0,27,o11|d8,0.25948581460944053,o19|d4
110+,115.0,28,d14,0.3991769547325103,d14
110+,115.0,29,o13|d8,0.25948581460944053,o13|d8
110+,115.0,30,d15,0.3403973509933775,d15
110+,115.0,31,o15|d8,0.25948581460944053,o19|d6
110+,115.0,32,d16,0.39437416435256606,d16
110+,115.0,33,o13|d10,0.24378393078984223,o13|d10
110+,115.0,34,o17|i1|d8,0.2881414884423359,d17
110+,115.0,35,o15|d10,0.24378393078984223,i3|d16
110+,115.0,36,d18,0.40901307596513076,d18
110+,115.0,37,o17|d10,0.24378393078984223,o17|d10
110+,115.0,38,d19,0.37608318890814557,d19
110+,115.0,39,o17|d11,0.2605691105037142,o17|d11
110+,115.0,40,d20,0.3919073182771813,d20
110+,115.0,41,o5|d18,0.25030029182856706,o5|d18
110+,115.0,42,o6|d18,0.25030029182856706,o6|d18
110+,115.0,43,o7|d18,0.25030029182856706,o7|d18
110+,115.0,44,o12|d16,0.24134184021908864,o4|d20
110+,115.0,45,o13|d16,0.24134184021908864,o13|d16
110+,115.0,46,o10|d18,0.25030029182856706,o10|d18
110+,115.0,47,o19|d14,0.2442809634509189,o19|d14
110+,115.0,48,i16|d16,0.2416045766385815,i16|d16
110+,115.0,49,o17|d16,0.24134184021908864,o17|d16
110+,115.0,50,ibull,0.26190283072430853,ibull
110+,115.0,51,o19|d16,0.24134184021908864,o19|d16
110+,115.0,52,o20|d16,0.2868175740745935,o20|d16
110+,115.0,53,o17|d18,0.25030029182856706,i3|ibull
110+,115.0,54,o18|d18,0.25030029182856706,o4|ibull
110+,115.0,55,o15|d20,0.23983222517534464,o15|d20
110+,115.0,56,o20|d18,0.29746405524736785,t16|d4
110+,115.0,57,o17|d20,0.23983222517534464,o17|d20
110+,115.0,58,o18|d20,0.23983222517534464,o18|d20
110+,115.0,59,o19|d20,0.23983222517534464,t19|d1
110+,115.0,60,o20|d20,0.2850235042015864,o20|d20
110+,115.0,61,obull|d18,0.3032045532074216,t7|d20
110+,115.0,62,t10|d16,0.19182528928419082,t10|d16
110+,115.0,63,t13|d12,0.184574471151758,t13|d12
110+,115.0,64,t14|d11,0.20710766502618994,t8|d20
110+,115.0,65,obull|d20,0.29052392287595685,obull|d20
110+,115.0,66,t10|d18,0.19894571883741963,ibull|d8
110+,115.0,67,t9|d20,0.19062540474609715,t9|d20
110+,115.0,68,t12|d16,0.19182528928419082,t12|d16
110+,115.0,69,t11|d18,0.19894571883741963,t11|d18
110+,115.0,70,t10|d20,0.19062540474609715,t10|d20
110+,115.0,71,t13|d16,0.19182528928419082,t13|d16
110+,115.0,72,o20|o20|d16,0.2085945993269771,o20|o20|d16
110+,115.0,73,t11|d20,0.19062540474609715,t11|d20
110+,115.0,74,t14|d16,0.19182528928419082,t14|d16
110+,115.0,75,o15|o20|d20,0.18364010880036194,obull|ibull
110+,115.0,76,t12|d20,0.19062540474609715,t12|d20
110+,115.0,77,o19|o18|d20,0.14676810957603972,o19|o18|d20
110+,115.0,78,o18|o20|d20,0.1744274271778514,o18|o20|d20
110+,115.0,79,t13|d20,0.19062540474609715,t13|d20
110+,115.0,80,o20|o20|d20,0.21555428404743474,o20|o20|d20
110+,115.0,81,t15|d18,0.19894571883741963,t15|d18
110+,115.0,82,t14|d20,0.19062540474609715,obull|o17|d20
110+,115.0,83,o17|t16|d9,0.09229606853131427,o17|t16|d9
110+,115.0,84,t16|d18,0.17042211498547116,t16|d18
110+,115.0,85,t15|d20,0.19062540474609715,t15|d20
110+,115.0,86,ibull|d18,0.10712168239852439,ibull|d18
110+,115.0,87,o17|o20|ibull,0.11656325266523151,o17|o20|ibull
110+,115.0,88,t16|d20,0.16329471594882555,t16|d20
110+,115.0,89,t19|d16,0.1307436088342746,t19|d16
110+,115.0,90,obull|obull|d20,0.21536762858696876,obull|obull|d20
110+,115.0,91,o17|t14|d16,0.11738970881220812,obull|t16|d9
110+,115.0,92,o20|d20|d16,0.12374439027409528,obull|o17|ibull
110+,115.0,93,t19|d18,0.13559672627104877,obull|o18|ibull
110+,115.0,94,o18|d18|d20,0.11133559159244168,obull|o19|ibull
110+,115.0,95,t19|d19,0.12467975284454826,obull|o20|ibull
110+,115.0,96,o20|t12|d20,0.13863665799716157,o20|t12|d20
110+,115.0,97,t19|d20,0.12992579573319596,t19|d20
110+,115.0,98,t20|d19,0.09989709705372617,t20|d19
110+,115.0,99,t19|o6|d18,0.08297998805186191,t19|o6|d18
110+,115.0,100,o20|d20|d20,0.1229703579183002,o20|d20|d20
110+,115.0,101,o20|t15|d18,0.14468779551812336,obull|d18|d20
110+,115.0,102,o20|t14|d20,0.13863665799716157,o20|t14|d20
110+,115.0,103,o19|t16|d18,0.10429178826190294,o19|t16|d18
110+,115.0,104,o20|t16|d18,0.12394335635306993,o20|t16|d18
110+,115.0,105,o20|t15|d20,0.13863665799716157,o20|t15|d20
110+,115.0,106,o20|t18|d16,0.06779324478126755,o20|t18|d16
110+,115.0,107,o19|t16|d20,0.09993009382306027,o19|t16|d20
110+,115.0,108,o20|t16|d20,0.11875979341732766,o20|t16|d20
110+,115.0,109,t19|o20|d16,0.09508626097038154,t19|o20|d16
110+,115.0,110,t19|o13|d20,0.0795095963896523,t19|o13|d20
110+,115.0,111,t19|o18|d18,0.08297998805186191,t19|o18|d18
110+,115.0,112,t20|o20|d16,0.07623463033742167,t20|o20|d16
110+,115.0,113,o20|t19|d18,0.09861580092439912,o20|t19|d18
110+,115.0,114,t19|o19|d19,0.07629921964833354,t19|o19|d19
110+,115.0,115,obull|ibull|d20,0.1326315170529065,obull|ibull|d20
110+,115.0,116,t19|o19|d20,0.0795095963896523,t19|o19|d20
110+,115.0,117,o20|t19|d20,0.0944914878059607,o20|t19|d20
110+,115.0,118,o20|t20|d19,0.0726988871839486,o20|t20|d19
110+,115.0,119,o19|t20|d20,0.06370543481220092,o19|t20|d20
110+,115.0,120,t20|o20|d20,0.07575777582803715,t20|o20|d20
110+,115.0,121,obull|t20|d18,0.08053870944572136,obull|t20|d18
110+,115.0,122,obull|t19|d20,0.09631499617083351,obull|t19|d20
110+,115.0,123,t19|t16|d9,0.05000012045174221,t19|t16|d9
110+,115.0,124,t20|t14|d11,0.05501567925608173,t20|t14|d11
110+,115.0,125,obull|t20|d20,0.07717041701392605,obull|t20|d20
110+,115.0,126,t19|t15|d12,0.06119044967531108,t19|t15|d12
110+,115.0,127,o20|t19|ibull,0.063146532309023,o20|t19|ibull
110+,115.0,128,t18|t14|d16,0.04534052292171783,t18|t14|d16
110+,115.0,129,t19|t12|d18,0.06595483070153585,t19|t12|d18
110+,115.0,130,t20|t10|d20,0.05063487313568206,t20|t10|d20
110+,115.0,131,t19|t14|d16,0.0635942535126937,t19|t14|d16
110+,115.0,132,obull|t19|ibull,0.06436514186372357,obull|t19|ibull
110+,115.0,133,t19|t12|d20,0.06319646570386916,t19|t12|d20
110+,115.0,134,t20|t14|d16,0.05095359246611319,t20|t14|d16
110+,115.0,135,ibull|t15|d20,0.04992533311096989,ibull|t15|d20
110+,115.0,136,t20|t12|d20,0.05063487313568206,t20|t12|d20
110+,115.0,137,t19|d20|d20,0.05091887018082567,t19|d20|d20
110+,115.0,138,t19|t19|d12,0.041705972380366295,t19|t19|d12
110+,115.0,139,t19|t14|d20,0.06319646570386916,t19|t14|d20
110+,115.0,140,t20|d20|d20,0.040797709527200014,t20|d20|d20
110+,115.0,141,t20|t15|d18,0.05284495656618959,t20|t15|d18
110+,115.0,142,t20|t14|d20,0.05063487313568206,t20|t14|d20
110+,115.0,143,t19|t18|d16,0.030903034815373997,t19|t18|d16
110+,115.0,144,t20|t16|d18,0.04526837429301578,t20|t16|d18
110+,115.0,145,t20|t15|d20,0.05063487313568206,t20|t15|d20
110+,115.0,146,t19|t19|d16,0.04334434858092799,t19|t19|d16
110+,115.0,147,t19|ibull|d20,0.03402793368663231,t19|ibull|d20
110+,115.0,148,t20|t16|d20,0.04337515892390679,t20|t16|d20
110+,115.0,149,t20|t19|d16,0.03472877109660419,t20|t19|d16
110+,115.0,150,t19|t19|d18,0.0449532625137716,ibull|ibull|ibull
110+,115.0,151,t19|t18|d20,0.030709733536937227,t19|t18|d20
110+,115.0,152,t20|t20|d16,0.027825716186008688,t20|t20|d16
110+,115.0,153,t20|t19|d18,0.03601788041574733,t20|t19|d18
110+,115.0,154,t19|t19|d20,0.04307322575937474,t19|t19|d20
110+,115.0,155,t20|t19|d19,0.03311805934933313,t20|t19|d19
110+,115.0,156,t20|t20|d18,0.028858588611797555,t20|t20|d18
110+,115.0,157,t20|t19|d20,0.034511539491630175,t20|t19|d20
110+,115.0,158,t20|t20|d19,0.026535166404896015,t20|t20|d19
110+,115.0,159,,,
110+,115.0,160,t20|t20|d20,0.027651663813990573,t20|t20|d20
110+,115.0,161,t19|t18|ibull,0.020522623000432474,t19|t18|ibull
110+,115.0,162,,,
110+,115.0,163,,,
110+,115.0,164,t19|t19|ibull,0.028784866290322304,t19|t19|ibull
110+,115.0,165,,,
110+,115.0,166,,,
110+,115.0,167,t20|t19|ibull,0.023063284261303323,t20|t19|ibull
110+,115.0,168,,,
110+,115.0,169,,,
110+,115.0,170,t20|t20|ibull,0.018478983906085246,t20|t20|ibull
